"","ONTOLOGY","ID","Description","setSize","enrichmentScore","NES","pvalue","p.adjust","qvalue","rank","leading_edge","core_enrichment"
"1","BP","GO:0035458","cellular response to interferon-beta",36,-0.745879111737647,-2.70853438952278,1e-10,1.52235294117647e-08,1.32012383900929e-08,346,"tags=75%, list=15%, signal=65%","Stat1/Irgm2/Gm11772/Irgm1/Ifi47/Gm12185/Igtp/Gbp2b/Ifi211/Ifi209/Ifit3/Acod1/Ifnb1/Ifit1/Gbp7/Ifi205/Ifi213/Gbp3/Ifi206/Ifi214/Gbp6/Tgtp1/F830016B08Rik/Tgtp2/Gbp2/Gm4841/Iigp1"
"2","BP","GO:0035456","response to interferon-beta",40,-0.723011350031449,-2.67726131986204,1e-10,1.52235294117647e-08,1.32012383900929e-08,346,"tags=70%, list=15%, signal=61%","Stat1/Irgm2/Gm11772/Irgm1/Xaf1/Ifi47/Gm12185/Igtp/Gbp2b/Ifi211/Ifi209/Ifit3/Acod1/Ifnb1/Ifit1/Gbp7/Ifi205/Ifi213/Gbp3/Ifi206/Ifi214/Gbp6/Tgtp1/F830016B08Rik/Tgtp2/Gbp2/Gm4841/Iigp1"
"3","MF","GO:0003924","GTPase activity",49,-0.660319844974895,-2.54396961617344,1e-10,1.52235294117647e-08,1.32012383900929e-08,330,"tags=51%, list=14%, signal=45%","Irgm2/Gem/Eef1a2/Irgm1/Rnd3/Ifi47/Gm12185/Mx2/Igtp/Gbp9/Gbp2b/Gbp7/Mx1/Gbp3/Gbp11/Gbp6/Tgtp1/F830016B08Rik/Gbp10/Tgtp2/Gbp2/Gbp4/Gm4841/Iigp1/Gbp5"
"4","BP","GO:0009615","response to virus",97,-0.564958041977716,-2.37373520853051,1e-10,1.52235294117647e-08,1.32012383900929e-08,716,"tags=67%, list=31%, signal=49%","Rigi/Treml4/Lgals9/Mmp12/Il12rb1/Bst2/Stat2/Trim34a/Irak3/Oas1a/Oas2/Oas3/Zc3h12a/Trim5/Oas1g/Oas1b/Ifi204/Slfn8/Trim30a/H2-Q9/Dhx58/Irf1/Cd40/Ifih1/Tnfsf4/Tnf/Isg20/Ifit1bl2/Stat1/Itgb8/Oasl1/Gm11772/Irgm1/Ddx60/Il27/Mx2/Ifit2/Igtp/Oasl2/Rtp4/Irf7/Il1b/Gbp2b/Ifit3b/Isg15/Ifit3/Ifit1bl1/Acod1/Ifnb1/Ifit1/Gbp7/Trim30d/Rsad2/Mx1/Ifi206/Cxcl10/Tgtp1/Il6/Il12b/Il23r/Zbp1/Ccl5/Lcn2/Gbp4/Cxcl9"
"5","MF","GO:0030545","signaling receptor regulator activity",96,-0.560562729303677,-2.35469649298817,1e-10,1.52235294117647e-08,1.32012383900929e-08,412,"tags=48%, list=18%, signal=41%","Tnfsf4/Sema3c/Tnf/Il19/C1qtnf9/Bmp2/Sema3g/Cxcl13/Zp3/Clec12b/Il10/Il27/Uts2b/Saa3/Ccl12/Bmp1/Il1a/Pnoc/Tnfsf10/Gdnf/Il1b/Cxcl3/Flrt3/Ly6i/Il36g/Prl2c2/Il7/Ly6c2/Ly6c1/Fbn1/Ly6a/Ifnb1/Edn1/Il36a/Adh7/Csf2/Cxcl11/Cxcl2/Ccl22/Cxcl10/Il6/Il12b/Csf3/Ccl5/Ccl8/Cxcl9"
"6","BP","GO:0071345","cellular response to cytokine stimulus",190,-0.513302870488177,-2.27547858066439,1e-10,1.52235294117647e-08,1.32012383900929e-08,207,"tags=31%, list=9%, signal=30%","Saa3/Ifi47/Ccl12/Gm12185/Foxh1/Il1a/Ifit2/Igtp/Oasl2/Gbp9/Irf7/Il1b/Traf1/Gbp2b/Cxcl3/Socs1/Il36g/Isg15/Ifi211/Il7/Ifi209/Ifit3/Acod1/Ifnb1/Ifit1/Gbp7/Edn1/Il36a/Csf2/Ifi205/Cxcl11/Cxcl2/Ifi213/Gbp3/Ccl22/Gbp11/Ifi206/Ifi214/Gbp6/Cxcl10/Tgtp1/Il6/Il12b/Il23r/Csf3/F830016B08Rik/Zbp1/Ccl5/Gbp10/Tgtp2/Gbp2/Gbp4/Gm4841/Ccl8/Nos2/Iigp1/Gbp5/Cxcl9"
"7","BP","GO:0034097","response to cytokine",220,-0.508933615346775,-2.27228516590642,1e-10,1.52235294117647e-08,1.32012383900929e-08,522,"tags=44%, list=22%, signal=38%","Gm5431/Ccl17/Ifi204/Dusp1/Sp100/H2-Q9/Myc/Irf1/Cd40/Ifih1/Mir146/Ptgs2/Arg1/H2-Eb1/Tnf/Socs3/Parp14/Ghr/Stat1/Cd274/Irgm2/Cxcl13/Cav1/Serpina3i/Oasl1/Gm11772/Serpina3c/Irgm1/Mir221/Xaf1/Hpx/Serpina3h/Saa3/Ifi47/Mefv/Ccl12/Gm12185/Foxh1/Acp5/Il1a/Ifit2/Igtp/Oasl2/Gbp9/Irf7/Il1b/Traf1/Gbp2b/Cxcl3/Socs1/Il36g/Isg15/Ifi211/Il7/Ifi209/Ifit3/Acod1/Ciita/Ifnb1/Ifit1/Gbp7/Edn1/Il36a/Csf2/Ifi205/Cxcl11/Cxcl2/Ifi213/Gbp3/Ccl22/Gbp11/Ifi206/Ifi214/Gbp6/Cxcl10/Wfdc21/Tgtp1/Serpina3g/Il6/Ubd/Il12b/Il23r/Csf3/F830016B08Rik/Zbp1/Ccl5/Gbp10/Tgtp2/Gbp2/Gbp4/Gm4841/Ccl8/Nos2/Iigp1/Gbp5/Serpina3f/Cxcl9"
"8","BP","GO:0009617","response to bacterium",201,-0.502526745257285,-2.23507295852706,1e-10,1.52235294117647e-08,1.32012383900929e-08,659,"tags=52%, list=28%, signal=41%","Nlrc5/Slfn2/Fcgr4/Irak3/Cxcl16/Lta/Oas1a/Fcgr1/Oas2/Oas3/Rnf213/Zc3h12a/Gbp8/Spink5/Wfdc17/Trim5/Oas1g/Ifi204/Cd6/Trim30a/Rnase6/C3/Herc6/Cd52/Nod1/Dhx58/Adamts4/Pfpl/Trdc/Mir146/Ptgs2/Tnfsf4/Tnf/Bmp2/Stat1/Cd274/Irgm2/Krt6a/Cxcl13/Cav1/Slamf8/Bpi/Camp/Irgm1/Gsta1/Il10/Slfn4/S100a8/Saa1/Saa3/Gpr31b/Ccl12/Usp18/Acp5/Mx2/Il1a/Igtp/Iglc2/Gbp9/Il1b/Gbp2b/Cxcl3/Il36g/C2/Klrk1/Isg15/Ifi211/Ifit3/AA467197/Acod1/Ly6a/Pglyrp3/Cfb/Ifnb1/Cmpk2/Gm12250/Ifit1/Gbp7/Trim30d/Il36a/Adh7/Ifi205/Cxcl11/Cxcl2/Gbp3/Ifi44/Gbp11/Gbp6/Cxcl10/Wfdc21/Tgtp1/Il6/Il12b/Il23r/Ccl5/Gbp10/Gbp2/Lcn2/Gbp4/Nos2/Iigp1/Gbp5/Serpina3f/Cxcl9"
"9","BP","GO:0098542","defense response to other organism",283,-0.493343407583318,-2.22226203739437,1e-10,1.52235294117647e-08,1.32012383900929e-08,724,"tags=54%, list=31%, signal=43%","Cx3cl1/Ifi203/Ifi208/Rigi/Wfdc18/Treml4/Lgals9/Mmp12/Tnfrsf14/Il12rb1/Bst2/Stat2/Trim34a/Npy/Clec4a2/Nlrc5/Irak3/Batf/Cxcl16/Lta/Oas1a/Fcgr1/Slc15a3/Oas2/Evl/Oas3/Rnf213/Zc3h12a/Cdc42ep2/Gbp8/Spink5/Wfdc17/Trim5/Oas1g/Ccl7/Oas1b/Ccl17/Slamf6/Ifi204/Slfn8/Sp100/Trim30a/Serpinb9b/Rnase6/C3/H2-Q9/Herc6/Clec4a1/Nod1/Dhx58/Adamts4/Irf1/Pfpl/Tap1/Cd40/Ifih1/Trdc/Arg1/H2-Eb1/Tnfsf4/C1s1/Tnf/Parp14/Tlr12/Isg20/Klri1/Slamf1/Krt16/Ifit1bl2/Stat1/Irgm2/Krt6a/Cxcl13/Slamf8/Bpi/Tarm1/Oasl1/Clec12b/Camp/Irgm1/Il10/Sh2d1b1/S100a8/Hpx/Ddx60/Il27/Rasgrp1/Mefv/Slamf7/Ccl12/Acp5/Mx2/Ifit2/Igtp/Oasl2/Iglc2/Rtp4/Gbp9/Irf7/Il1b/Trim30c/Gbp2b/Cxcl3/Socs1/Il36g/Ifit3b/C2/Klrk1/Isg15/Ifi211/Ifi209/Ifit3/Ifit1bl1/Acod1/Pglyrp3/Ciita/Styk1/Cfb/Ifnb1/Ifit1/Gbp7/Trim30d/Il36a/Rsad2/Ifi205/Mx1/Cxcl11/Cxcl2/Gbp3/Ccl22/Gbp11/Ifi206/Ifi214/Gbp6/Cxcl10/Wfdc21/Tgtp1/Batf2/Il6/Ubd/Il12b/Il23r/Zbp1/Ccl5/Gbp10/Marco/Gbp2/Lcn2/Gbp4/Ccl8/Nos2/Iigp1/Gbp5/Cxcl9"
"10","BP","GO:0043207","response to external biotic stimulus",346,-0.48476826947947,-2.19901417067292,1e-10,1.52235294117647e-08,1.32012383900929e-08,784,"tags=56%, list=33%, signal=44%","Psmb9/Mlkl/Tnfrsf1b/Trim12a/H2-Aa/Clec4e/Casp4/Ifi27l2a/Cd244a/Nr1h3/Tent5a/Tnip3/Ccl4/Cx3cl1/Ifi203/Ifi208/Rigi/Wfdc18/Treml4/Lgals9/Mmp12/Tnfrsf14/Il12rb1/Bst2/Serpina3n/Stat2/Trim34a/Npy/Clec4a2/Nlrc5/Slfn2/Fcgr4/Irak3/Batf/Cxcl16/Lta/Oas1a/Fcgr1/Slc15a3/Oas2/Evl/Oas3/Rnf213/Zc3h12a/Cdc42ep2/Gbp8/Spink5/Wfdc17/Trim5/Oas1g/Ccl7/Oas1b/Ccl17/Slamf6/Ifi204/Cd6/Slfn8/Sp100/Trim30a/Serpinb9b/Rnase6/C3/H2-Q9/Herc6/Clec4a1/Cd52/Nod1/Dhx58/Adamts4/Irf1/Pfpl/Tap1/Cd40/Ifih1/Trdc/Mir146/Ptgs2/Arg1/H2-Eb1/Itln1/Tnfsf4/C1s1/Tnf/Parp14/Tlr12/Isg20/Klri1/Bmp2/Slamf1/Krt16/Ifit1bl2/Stat1/Cd274/Irgm2/Krt6a/Cxcl13/Cav1/Slamf8/Itgb8/Bpi/Tarm1/Oasl1/Clec12b/Gm11772/Camp/Irgm1/Gsta1/Il10/Sh2d1b1/Slfn4/S100a8/Hpx/Ddx60/Il27/Saa1/Rasgrp1/Saa3/Mefv/Slamf7/Gpr31b/Ccl12/Usp18/Acp5/Mx2/Il1a/Ifit2/Igtp/Oasl2/Iglc2/Rtp4/Gbp9/Irf7/Il1b/Trim30c/Gbp2b/Cxcl3/Socs1/Il36g/Ifit3b/C2/Klrk1/Isg15/Ifi211/Ifi209/Ifit3/Ifit1bl1/AA467197/Acod1/Ly6a/Pglyrp3/Ciita/Styk1/Cfb/Ifnb1/Cmpk2/Gm12250/Ifit1/Gbp7/Trim30d/Il36a/Adh7/Rsad2/Ifi205/Mx1/Cxcl11/Cxcl2/Gbp3/Ifi44/Ccl22/Gbp11/Ifi206/Ifi214/Gbp6/Cxcl10/Wfdc21/Tgtp1/Batf2/Il6/Ubd/Il12b/Il23r/Zbp1/Ccl5/Gbp10/Marco/Gbp2/Lcn2/Gbp4/Ccl8/Nos2/Iigp1/Gbp5/Serpina3f/Cxcl9"
"11","BP","GO:0051707","response to other organism",346,-0.48476826947947,-2.19901417067292,1e-10,1.52235294117647e-08,1.32012383900929e-08,784,"tags=56%, list=33%, signal=44%","Psmb9/Mlkl/Tnfrsf1b/Trim12a/H2-Aa/Clec4e/Casp4/Ifi27l2a/Cd244a/Nr1h3/Tent5a/Tnip3/Ccl4/Cx3cl1/Ifi203/Ifi208/Rigi/Wfdc18/Treml4/Lgals9/Mmp12/Tnfrsf14/Il12rb1/Bst2/Serpina3n/Stat2/Trim34a/Npy/Clec4a2/Nlrc5/Slfn2/Fcgr4/Irak3/Batf/Cxcl16/Lta/Oas1a/Fcgr1/Slc15a3/Oas2/Evl/Oas3/Rnf213/Zc3h12a/Cdc42ep2/Gbp8/Spink5/Wfdc17/Trim5/Oas1g/Ccl7/Oas1b/Ccl17/Slamf6/Ifi204/Cd6/Slfn8/Sp100/Trim30a/Serpinb9b/Rnase6/C3/H2-Q9/Herc6/Clec4a1/Cd52/Nod1/Dhx58/Adamts4/Irf1/Pfpl/Tap1/Cd40/Ifih1/Trdc/Mir146/Ptgs2/Arg1/H2-Eb1/Itln1/Tnfsf4/C1s1/Tnf/Parp14/Tlr12/Isg20/Klri1/Bmp2/Slamf1/Krt16/Ifit1bl2/Stat1/Cd274/Irgm2/Krt6a/Cxcl13/Cav1/Slamf8/Itgb8/Bpi/Tarm1/Oasl1/Clec12b/Gm11772/Camp/Irgm1/Gsta1/Il10/Sh2d1b1/Slfn4/S100a8/Hpx/Ddx60/Il27/Saa1/Rasgrp1/Saa3/Mefv/Slamf7/Gpr31b/Ccl12/Usp18/Acp5/Mx2/Il1a/Ifit2/Igtp/Oasl2/Iglc2/Rtp4/Gbp9/Irf7/Il1b/Trim30c/Gbp2b/Cxcl3/Socs1/Il36g/Ifit3b/C2/Klrk1/Isg15/Ifi211/Ifi209/Ifit3/Ifit1bl1/AA467197/Acod1/Ly6a/Pglyrp3/Ciita/Styk1/Cfb/Ifnb1/Cmpk2/Gm12250/Ifit1/Gbp7/Trim30d/Il36a/Adh7/Rsad2/Ifi205/Mx1/Cxcl11/Cxcl2/Gbp3/Ifi44/Ccl22/Gbp11/Ifi206/Ifi214/Gbp6/Cxcl10/Wfdc21/Tgtp1/Batf2/Il6/Ubd/Il12b/Il23r/Zbp1/Ccl5/Gbp10/Marco/Gbp2/Lcn2/Gbp4/Ccl8/Nos2/Iigp1/Gbp5/Serpina3f/Cxcl9"
"12","BP","GO:0009607","response to biotic stimulus",349,-0.48123174445874,-2.18330275949639,1e-10,1.52235294117647e-08,1.32012383900929e-08,784,"tags=56%, list=33%, signal=43%","Psmb9/Mlkl/Tnfrsf1b/Trim12a/H2-Aa/Clec4e/Casp4/Ifi27l2a/Cd244a/Nr1h3/Tent5a/Tnip3/Ccl4/Cx3cl1/Ifi203/Ifi208/Rigi/Wfdc18/Treml4/Lgals9/Mmp12/Tnfrsf14/Il12rb1/Bst2/Serpina3n/Stat2/Trim34a/Npy/Clec4a2/Nlrc5/Slfn2/Fcgr4/Irak3/Batf/Cxcl16/Lta/Oas1a/Fcgr1/Slc15a3/Oas2/Evl/Oas3/Rnf213/Zc3h12a/Cdc42ep2/Gbp8/Spink5/Wfdc17/Trim5/Oas1g/Ccl7/Oas1b/Ccl17/Slamf6/Ifi204/Cd6/Slfn8/Sp100/Trim30a/Serpinb9b/Rnase6/C3/H2-Q9/Herc6/Clec4a1/Cd52/Nod1/Dhx58/Adamts4/Irf1/Pfpl/Tap1/Cd40/Ifih1/Trdc/Mir146/Ptgs2/Arg1/H2-Eb1/Itln1/Tnfsf4/C1s1/Tnf/Parp14/Tlr12/Isg20/Klri1/Bmp2/Slamf1/Krt16/Ifit1bl2/Stat1/Cd274/Irgm2/Krt6a/Cxcl13/Cav1/Slamf8/Itgb8/Bpi/Tarm1/Oasl1/Clec12b/Gm11772/Camp/Irgm1/Gsta1/Il10/Sh2d1b1/Slfn4/S100a8/Hpx/Ddx60/Il27/Saa1/Rasgrp1/Saa3/Mefv/Slamf7/Gpr31b/Ccl12/Usp18/Acp5/Mx2/Il1a/Ifit2/Igtp/Oasl2/Iglc2/Rtp4/Gbp9/Irf7/Il1b/Trim30c/Gbp2b/Cxcl3/Socs1/Il36g/Ifit3b/C2/Klrk1/Isg15/Ifi211/Ifi209/Ifit3/Ifit1bl1/AA467197/Acod1/Ly6a/Pglyrp3/Ciita/Styk1/Cfb/Ifnb1/Cmpk2/Gm12250/Ifit1/Gbp7/Trim30d/Il36a/Adh7/Rsad2/Ifi205/Mx1/Cxcl11/Cxcl2/Gbp3/Ifi44/Ccl22/Gbp11/Ifi206/Ifi214/Gbp6/Cxcl10/Wfdc21/Tgtp1/Batf2/Il6/Ubd/Il12b/Il23r/Zbp1/Ccl5/Gbp10/Marco/Gbp2/Lcn2/Gbp4/Ccl8/Nos2/Iigp1/Gbp5/Serpina3f/Cxcl9"
"13","BP","GO:0045087","innate immune response",232,-0.486267060065625,-2.18021140078747,1e-10,1.52235294117647e-08,1.32012383900929e-08,724,"tags=55%, list=31%, signal=42%","Cx3cl1/Ifi203/Ifi208/Rigi/Wfdc18/Treml4/Lgals9/Mmp12/Tnfrsf14/Il12rb1/Bst2/Stat2/Trim34a/Npy/Clec4a2/Nlrc5/Irak3/Cxcl16/Oas1a/Fcgr1/Slc15a3/Oas2/Evl/Oas3/Cdc42ep2/Gbp8/Wfdc17/Trim5/Oas1g/Ccl7/Ccl17/Slamf6/Ifi204/Sp100/Trim30a/Serpinb9b/Rnase6/C3/H2-Q9/Herc6/Clec4a1/Nod1/Dhx58/Irf1/Tap1/Cd40/Ifih1/Trdc/Arg1/H2-Eb1/Tnfsf4/C1s1/Parp14/Tlr12/Isg20/Klri1/Slamf1/Krt16/Stat1/Irgm2/Slamf8/Bpi/Tarm1/Oasl1/Clec12b/Camp/Irgm1/Sh2d1b1/S100a8/Hpx/Il27/Rasgrp1/Mefv/Slamf7/Ccl12/Mx2/Ifit2/Igtp/Oasl2/Iglc2/Gbp9/Irf7/Trim30c/Gbp2b/Socs1/Il36g/C2/Klrk1/Isg15/Ifi211/Ifi209/Ifit3/Acod1/Pglyrp3/Ciita/Styk1/Cfb/Ifnb1/Ifit1/Gbp7/Trim30d/Il36a/Rsad2/Ifi205/Mx1/Gbp3/Ccl22/Gbp11/Ifi206/Ifi214/Gbp6/Wfdc21/Tgtp1/Ubd/Il12b/Il23r/Zbp1/Ccl5/Gbp10/Marco/Gbp2/Lcn2/Gbp4/Ccl8/Nos2/Iigp1/Gbp5"
"14","BP","GO:0006952","defense response",387,-0.470316085933787,-2.13956854689899,1e-10,1.52235294117647e-08,1.32012383900929e-08,724,"tags=51%, list=31%, signal=42%","Cx3cl1/Ifi203/Ifi208/Rigi/Wfdc18/Treml4/Lgals9/Aif1/Mmp12/Ptges/Tnfrsf14/Il1rn/Il12rb1/Bst2/Serpina3n/Stat2/Trim34a/Npy/Clec4a2/Ccrl2/Nlrc5/Irak3/Batf/Slc7a2/Cxcl16/Lta/Oas1a/Fcgr1/Slc15a3/Oas2/Evl/Oas3/Rnf213/Zc3h12a/Cdc42ep2/Gbp8/Spink5/Wfdc17/Trim5/Oas1g/Ccl7/Oas1b/Gja1/Gm5431/Ccl17/Slamf6/Ifi204/Cd6/Slfn8/Sp100/Trim30a/Chil1/Serpinb9b/Rnase6/C3/H2-Q9/Herc6/Clec4a1/Nod1/Dhx58/Adamts4/Irf1/Pfpl/Tap1/Cd40/Orm1/Ifih1/Trdc/Ptgs2/Arg1/H2-Eb1/Pla2g7/Tnfsf4/C1s1/Tnf/Socs3/Parp14/Il17rb/Tlr12/Isg20/Siglece/Klri1/Bmp2/Slamf1/Krt16/Ifit1bl2/Stat1/Bst1/Ccr3/Nfkbiz/Irgm2/Krt6a/Cxcl13/Slamf8/Zp3/Bpi/Tarm1/Fpr3/Oasl1/Clec12b/Camp/Irgm1/Il2ra/Il10/Sh2d1b1/S100a8/Hpx/Olr1/Saa2/Ddx60/Il27/Saa1/Rasgrp1/Saa3/Ifi47/Mefv/Slamf7/Nox1/Gpr31b/Ccl12/Dnase1l3/Gm12185/Acp5/Mx2/Il1a/Ifit2/Igtp/Oasl2/Sucnr1/Iglc2/Saa4/Rtp4/Gbp9/Irf7/Il1b/Trim30c/Gbp2b/Cxcl3/Socs1/Il36g/Ifit3b/C2/Klrk1/Isg15/Ifi211/Ifi209/Ifit3/Ifit1bl1/Ltb4r1/Acod1/Pglyrp3/Ciita/Styk1/Cfb/Ifnb1/Ifit1/Fpr1/Gbp7/Trim30d/Il36a/Fpr2/Rsad2/Ifi205/Mx1/Cxcl11/Cxcl2/Gbp3/Adora2a/Ccl22/Gbp11/Ifi206/Ifi214/Gbp6/Cxcl10/Wfdc21/Tgtp1/Batf2/Il6/Ubd/Il12b/Il23r/F830016B08Rik/Zbp1/Ccl5/Gbp10/Marco/Tgtp2/Gbp2/Lcn2/Gbp4/Gm4841/Ccl8/Nos2/Iigp1/Gbp5/Cxcl9"
"15","BP","GO:0044419","biological process involved in interspecies interaction between organisms",358,-0.469393420721442,-2.13132706399628,1e-10,1.52235294117647e-08,1.32012383900929e-08,784,"tags=54%, list=33%, signal=43%","Psmb9/Mlkl/Tnfrsf1b/Trim12a/H2-Aa/Clec4e/Casp4/Ifi27l2a/Cd244a/Nr1h3/Tent5a/Tnip3/Ccl4/Cx3cl1/Ifi203/Ifi208/Rigi/Wfdc18/Treml4/Lgals9/Mmp12/Tnfrsf14/Il12rb1/Bst2/Serpina3n/Stat2/Trim34a/Npy/Clec4a2/Nlrc5/Slfn2/Fcgr4/Irak3/Batf/Cxcl16/Lta/Oas1a/Fcgr1/Slc15a3/Oas2/Evl/Oas3/Rnf213/Zc3h12a/Cdc42ep2/Gbp8/Spink5/Wfdc17/Trim5/Oas1g/Ccl7/Oas1b/Ccl17/Slamf6/Ifi204/Cd6/Slfn8/Sp100/Trim30a/Serpinb9b/Rnase6/C3/H2-Q9/Herc6/Clec4a1/Cd52/Nod1/Dhx58/Adamts4/Irf1/Pfpl/Tap1/Cd40/Ifih1/Trdc/Mir146/Ptgs2/Arg1/H2-Eb1/Cd209f/Itln1/Tnfsf4/C1s1/Tnf/Parp14/Tlr12/Isg20/Klri1/Bmp2/Slamf1/Krt16/Ifit1bl2/Stat1/Cd274/Irgm2/Krt6a/Cxcl13/Cav1/Slamf8/Itgb8/Bpi/Tarm1/Oasl1/Clec12b/Gm11772/Camp/Irgm1/Gsta1/Il10/Sh2d1b1/Slfn4/S100a8/Hpx/Ddx60/Il27/Saa1/Rasgrp1/Saa3/Mefv/Slamf7/Gpr31b/Ccl12/Usp18/Acp5/Mx2/Il1a/Ifit2/Igtp/Oasl2/Iglc2/Rtp4/Gbp9/Irf7/Il1b/Trim30c/Gbp2b/Cxcl3/Socs1/Il36g/Ifit3b/C2/Klrk1/Isg15/Ifi211/Ifi209/Ifit3/Ifit1bl1/AA467197/Acod1/Ly6a/Pglyrp3/Ciita/Styk1/Cfb/Ifnb1/Cmpk2/Gm12250/Ifit1/Gbp7/Trim30d/Il36a/Adh7/Rsad2/Ifi205/Mx1/Cxcl11/Cxcl2/Gbp3/Ifi44/Ccl22/Gbp11/Ifi206/Ifi214/Gbp6/Cxcl10/Wfdc21/Tgtp1/Batf2/Il6/Ubd/Il12b/Il23r/Zbp1/Ccl5/Gbp10/Marco/Gbp2/Lcn2/Gbp4/Ccl8/Nos2/Iigp1/Gbp5/Serpina3f/Cxcl9"
"16","BP","GO:0006955","immune response",406,-0.439647157900873,-2.00046039985133,1e-10,1.52235294117647e-08,1.32012383900929e-08,779,"tags=52%, list=33%, signal=42%","Tnfrsf1b/Gm8909/Trim12a/H2-Aa/Clec4e/Casp4/Gm7030/Tapbp/Cd244a/Nr1h3/Lst1/Ackr4/Tnip3/Xcr1/Ccl4/Jag1/Fcrl6/Cx3cl1/Ifi203/Ifi208/Rigi/Wfdc18/Pnp/Treml4/Lgals9/Mmp12/Tnfrsf14/Il1rn/Il12rb1/Bst2/Cxcr1/H2-Q10/Stat2/Trim34a/Npy/Lif/P2ry14/Clec4a2/Ccrl2/Nlrc5/Tapbpl/Fcgr4/Irak3/Batf/Cd38/Cxcl16/Lta/Clec12a/Oas1a/Fcgr1/Slc15a3/Oas2/Ptgs2os/Evl/Oas3/Zc3h12a/Cdc42ep2/H2-T22/Gbp8/Spink5/Wfdc17/H2-Q4/Trim5/Adgre1/H2-T10/Fas/Oas1g/Ccl7/Bcl2a1d/H2-T23/Ccr9/Ccl17/Slamf6/Ifi204/Cd6/H2-T24/Sp100/Marchf1/Trim30a/Serpinb9b/Rnase6/C3/H2-Q9/Herc6/Clec4a1/Nod1/Dhx58/Irf1/Tap1/Cd40/Ifih1/Trdc/Arg1/H2-Eb1/Prr7/Tnfsf4/C1s1/Tnf/Parp14/Tlr12/Isg20/Klri1/Slamf1/Krt16/Stat1/Cd274/Ccr3/Nfkbiz/Irgm2/Krt6a/Cxcl13/Cav1/Slamf8/Itgb8/Zp3/Bpi/Tarm1/Fpr3/Oasl1/Clec12b/Camp/H2-M2/Il18bp/Irgm1/Il2ra/Il10/Sh2d1b1/S100a8/Hpx/Ddx60/Il27/Rasgrp1/Mefv/Slamf7/Gpr31b/Ccl12/Dnase1l3/Fcrl5/Acp5/Mx2/Il1a/Ifit2/Igtp/Oasl2/Tnfsf10/Sucnr1/Iglc2/Gbp9/Irf7/Il1b/Trim30c/Gbp2b/Cxcl3/Socs1/H2-Q6/Il36g/C2/Klrk1/Isg15/Ifi211/Il7/Ifi209/Ifit3/Acod1/Pglyrp3/Ciita/Styk1/Phf11a/Cfb/Ifnb1/Ifit1/Fpr1/Gbp7/Trim30d/Il36a/Csf2/Fpr2/Rsad2/Ifi205/Mx1/Cxcl11/Cxcl2/Gbp3/Ifi44/Ccl22/Gbp11/Ifi206/Ifi214/Gbp6/Cxcl10/Wfdc21/Tgtp1/Serpina3g/Il6/Ubd/Il12b/Il23r/Csf3/Zbp1/Ccl5/Gbp10/Marco/Gbp2/Lcn2/Gbp4/Ccl8/Nos2/Iigp1/Gbp5/Cxcl9"
"17","BP","GO:0010033","response to organic substance",436,-0.387323565563872,-1.7681033685989,1e-10,1.52235294117647e-08,1.32012383900929e-08,330,"tags=25%, list=14%, signal=26%","Irgm2/Cxcl13/Flt4/Cav1/Serpina3i/Itgb8/Dcn/Bpi/Oasl1/Gm11772/Serpina3c/Aldh1a1/Trim72/Irgm1/Mir221/Xaf1/Gsta1/Il10/S100a8/Col6a1/Hpx/Saa2/Serpina3h/Saa3/Ifi47/Mefv/Gpr31b/Ccl12/Usp18/Gm12185/Foxh1/Acp5/Il1a/Ifit2/Igtp/Oasl2/Sell/Gdnf/Gbp9/Irf7/Il1b/Traf1/Gbp2b/Cxcl3/Socs1/Flrt3/Ly6i/Il36g/Klrk1/Isg15/Ifi211/Il7/Ifi209/Ifit3/Ly6c2/Slc6a4/Ly6c1/Mmp13/Acod1/Fbn1/Ly6a/Vcam1/Ciita/Ifnb1/Cmpk2/Ifit1/Gbp7/Edn1/Trim30d/Il36a/Adh7/Csf2/Fpr2/Ifi205/Cxcl11/Cxcl2/Ifi213/Gbp3/Adora2a/Ccl22/Gbp11/Ifi206/Ifi214/Gbp6/Cxcl10/Wfdc21/Tgtp1/Serpina3g/Il6/Ubd/Il12b/Il23r/Csf3/F830016B08Rik/Zbp1/Ccl5/Gbp10/Tgtp2/Gbp2/Gbp4/Gm4841/Ccl8/Nos2/Iigp1/Gbp5/Serpina3f/Cxcl9"
"18","MF","GO:0030546","signaling receptor activator activity",81,-0.574843897807619,-2.36744302543211,3.2683157388383e-10,4.45179006953343e-08,3.86041504443394e-08,412,"tags=49%, list=18%, signal=42%","Tnfsf4/Sema3c/Tnf/Il19/C1qtnf9/Bmp2/Sema3g/Cxcl13/Zp3/Il10/Il27/Uts2b/Saa3/Ccl12/Bmp1/Il1a/Pnoc/Tnfsf10/Gdnf/Il1b/Cxcl3/Flrt3/Il36g/Prl2c2/Il7/Fbn1/Ifnb1/Edn1/Il36a/Csf2/Cxcl11/Cxcl2/Ccl22/Cxcl10/Il6/Il12b/Csf3/Ccl5/Ccl8/Cxcl9"
"19","MF","GO:0048018","receptor ligand activity",81,-0.574843897807619,-2.36744302543211,3.2683157388383e-10,4.45179006953343e-08,3.86041504443394e-08,412,"tags=49%, list=18%, signal=42%","Tnfsf4/Sema3c/Tnf/Il19/C1qtnf9/Bmp2/Sema3g/Cxcl13/Zp3/Il10/Il27/Uts2b/Saa3/Ccl12/Bmp1/Il1a/Pnoc/Tnfsf10/Gdnf/Il1b/Cxcl3/Flrt3/Il36g/Prl2c2/Il7/Fbn1/Ifnb1/Edn1/Il36a/Csf2/Cxcl11/Cxcl2/Ccl22/Cxcl10/Il6/Il12b/Csf3/Ccl5/Ccl8/Cxcl9"
"20","BP","GO:0051607","defense response to virus",80,-0.574629199652401,-2.36390603424157,3.66560232362413e-10,4.51741848263774e-08,3.91732539045947e-08,716,"tags=69%, list=31%, signal=49%","Rigi/Treml4/Mmp12/Il12rb1/Bst2/Stat2/Trim34a/Oas1a/Oas2/Oas3/Zc3h12a/Trim5/Oas1g/Oas1b/Ifi204/Slfn8/Trim30a/H2-Q9/Dhx58/Irf1/Cd40/Ifih1/Isg20/Ifit1bl2/Stat1/Oasl1/Ddx60/Il27/Mx2/Ifit2/Oasl2/Rtp4/Irf7/Il1b/Gbp2b/Ifit3b/Isg15/Ifit3/Ifit1bl1/Acod1/Ifnb1/Ifit1/Gbp7/Trim30d/Rsad2/Mx1/Ifi206/Cxcl10/Il6/Il12b/Il23r/Zbp1/Ccl5/Gbp4/Cxcl9"
"21","BP","GO:0140546","defense response to symbiont",80,-0.574629199652401,-2.36390603424157,3.66560232362413e-10,4.51741848263774e-08,3.91732539045947e-08,716,"tags=69%, list=31%, signal=49%","Rigi/Treml4/Mmp12/Il12rb1/Bst2/Stat2/Trim34a/Oas1a/Oas2/Oas3/Zc3h12a/Trim5/Oas1g/Oas1b/Ifi204/Slfn8/Trim30a/H2-Q9/Dhx58/Irf1/Cd40/Ifih1/Isg20/Ifit1bl2/Stat1/Oasl1/Ddx60/Il27/Mx2/Ifit2/Oasl2/Rtp4/Irf7/Il1b/Gbp2b/Ifit3b/Isg15/Ifit3/Ifit1bl1/Acod1/Ifnb1/Ifit1/Gbp7/Trim30d/Rsad2/Mx1/Ifi206/Cxcl10/Il6/Il12b/Il23r/Zbp1/Ccl5/Gbp4/Cxcl9"
"22","MF","GO:0005125","cytokine activity",56,-0.601346904713304,-2.37144935345094,5.288566985521e-09,6.18251872630554e-07,5.36123400491475e-07,412,"tags=52%, list=18%, signal=44%","Tnfsf4/Tnf/Il19/Bmp2/Cxcl13/Il10/Il27/Ccl12/Bmp1/Il1a/Tnfsf10/Il1b/Cxcl3/Il36g/Il7/Ifnb1/Edn1/Il36a/Csf2/Cxcl11/Cxcl2/Ccl22/Cxcl10/Il6/Il12b/Csf3/Ccl5/Ccl8/Cxcl9"
"23","CC","GO:0005576","extracellular region",349,-0.385772451244982,-1.75021300452275,5.49451046000879e-09,6.18251872630554e-07,5.36123400491475e-07,574,"tags=37%, list=24%, signal=33%","H2-T22/Mmp9/Spink5/Gpc1/Wfdc17/H2-Q4/H2-T10/Fas/Ccl7/Adamts7/H2-T23/Col4a2/Ccl17/Cstdc4/Gstm6/H2-T24/Chil1/Procr/Serpinb9b/Rnase6/C3/H2-Q9/Adamts4/Cd40/Orm1/Trdc/Iglon5/Lipk/Arg1/Itln1/Hapln3/Pla2g7/Tnfsf4/Sema3c/C1s1/Tnf/Il19/Il17rb/Tnn/Ppfia3/C1qtnf9/Bmp2/Ghr/Col12a1/Bpifc/Cd274/Sema3g/Ccr3/Cxcl13/Serpina3i/Zp3/Dcn/Bpi/Vnn3/Clca1/Mmp10/Camp/H2-M2/Serpina3c/Il18bp/Il10/Orm3/S100a8/Col6a1/Hpx/Olr1/Saa2/Il27/Mug2/Saa1/Uts2b/Saa3/Ccl12/Dnase1l3/Acp5/Chadl/Bmp1/Lamc2/Il1a/Pnoc/Col6a3/Serpinb2/Tnfsf10/Gdnf/Iglc2/Saa4/Gbp9/Il1b/Gbp2b/Cxcl3/H2-Q6/Flrt3/Susd2/Il36g/C2/Isg15/Prl2c2/Il7/Mmp13/Fbn1/Vcam1/Pglyrp3/Cfb/Ifnb1/Gbp7/Edn1/Il36a/Csf2/Stfa3/Cxcl11/Cxcl2/Gbp3/Ccl22/Gbp6/Cxcl10/Wfdc21/Serpina3g/Il6/Il12b/Csf3/Ccl5/Gbp2/Lcn2/Apol9a/Ccl8/Nos2/Iigp1/Serpina3f/Cxcl9"
"24","BP","GO:0034341","response to interferon-gamma",65,-0.571572177636899,-2.30252792316236,8.01446096417862e-09,8.64226040637262e-07,7.49422402439861e-07,685,"tags=68%, list=29%, signal=49%","Il12rb1/Bst2/Nlrc5/Cxcl16/Evl/Cdc42ep2/Gbp8/Ccl7/Ccl17/Sp100/H2-Q9/Irf1/Cd40/Arg1/H2-Eb1/Parp14/Stat1/Irgm2/Irgm1/Hpx/Mefv/Ccl12/Igtp/Gbp9/Gbp2b/Socs1/Acod1/Ciita/Gbp7/Gbp3/Ccl22/Gbp11/Gbp6/Tgtp1/Ubd/Il12b/Il23r/Ccl5/Gbp10/Gbp2/Gbp4/Ccl8/Nos2/Gbp5"
"25","CC","GO:0005615","extracellular space",276,-0.393690907325157,-1.77335251979634,3.8349444668401e-08,3.96993451207287e-06,3.44256909612762e-06,574,"tags=38%, list=24%, signal=33%","H2-T22/Mmp9/Wfdc17/H2-Q4/H2-T10/Fas/Ccl7/H2-T23/Col4a2/Ccl17/Cstdc4/H2-T24/Chil1/Procr/Serpinb9b/Rnase6/C3/H2-Q9/Adamts4/Cd40/Orm1/Trdc/Arg1/Itln1/Pla2g7/Tnfsf4/Sema3c/C1s1/Tnf/Il19/Tnn/C1qtnf9/Bmp2/Ghr/Col12a1/Bpifc/Cd274/Sema3g/Ccr3/Cxcl13/Serpina3i/Zp3/Dcn/Bpi/Vnn3/Camp/H2-M2/Serpina3c/Il18bp/Il10/Orm3/S100a8/Col6a1/Hpx/Saa2/Il27/Mug2/Saa1/Saa3/Ccl12/Acp5/Chadl/Bmp1/Lamc2/Il1a/Col6a3/Serpinb2/Tnfsf10/Gdnf/Iglc2/Saa4/Il1b/Cxcl3/H2-Q6/Flrt3/Susd2/Il36g/C2/Prl2c2/Il7/Mmp13/Fbn1/Vcam1/Cfb/Ifnb1/Edn1/Il36a/Csf2/Stfa3/Cxcl11/Cxcl2/Ccl22/Cxcl10/Wfdc21/Serpina3g/Il6/Il12b/Csf3/Ccl5/Lcn2/Apol9a/Ccl8/Nos2/Serpina3f/Cxcl9"
"26","BP","GO:0001562","response to protozoan",24,-0.722292343758836,-2.41259258424639,5.0647281528992e-08,4.85463572581597e-06,4.209746753209e-06,452,"tags=75%, list=19%, signal=61%","Cd40/Arg1/Tlr12/Irgm2/Il10/Gbp9/Gbp2b/Gbp7/Gbp3/Gbp11/Gbp6/Batf2/Il6/Il12b/Gbp10/Gbp2/Gbp4/Iigp1"
"27","BP","GO:0042832","defense response to protozoan",24,-0.722292343758836,-2.41259258424639,5.0647281528992e-08,4.85463572581597e-06,4.209746753209e-06,452,"tags=75%, list=19%, signal=61%","Cd40/Arg1/Tlr12/Irgm2/Il10/Gbp9/Gbp2b/Gbp7/Gbp3/Gbp11/Gbp6/Batf2/Il6/Il12b/Gbp10/Gbp2/Gbp4/Iigp1"
"28","BP","GO:0070887","cellular response to chemical stimulus",438,-0.361925020889073,-1.65101155233906,5.4007213137428e-08,4.99180955713085e-06,4.32869843642844e-06,582,"tags=33%, list=25%, signal=30%","Zc3h12a/Cdc42ep2/Mmp9/Gbp8/Gpc1/Trim5/Ddr2/Fas/Oas1g/Ccl7/Adamts7/Col4a2/Gja1/Ccr9/Gm5431/Ccl17/Ifi204/Cd6/Dusp1/Trim30a/H2-Q9/Ugt1a6b/Myc/Nod1/Irf1/Cd40/Ifih1/Sh3bp4/Mir146/Slc1a2/Hif3a/Ptgs2/Arg1/Chrm3/Pla2g7/Tnfsf4/Tnf/Socs3/Parp14/C1qtnf9/Bmp2/Slamf1/Ghr/Cyp26a1/Stat1/Cd274/Bst1/Ccr3/Irgm2/Cxcl13/Flt4/Cav1/Slamf8/Itgb8/Dcn/Bpi/Oasl1/Gm11772/Aldh1a1/Trim72/Irgm1/Mir221/Gsta1/Il10/S100a8/Col6a1/Hpx/Saa2/Saa3/Ifi47/Nox1/Ccl12/Gm12185/Foxh1/Il1a/Ifit2/Igtp/Oasl2/Sell/Gdnf/Gbp9/Irf7/Il1b/Traf1/Gbp2b/Cxcl3/Socs1/Flrt3/Ly6i/Il36g/Klrk1/Isg15/Ifi211/Cd69/Il7/Ifi209/Ifit3/Ly6c2/Slc6a4/Ly6c1/Acod1/Fbn1/Ly6a/Vcam1/Ifnb1/Cmpk2/Ifit1/Gbp7/Edn1/Trim30d/Il36a/Csf2/Fpr2/Ifi205/Cxcl11/Cxcl2/Ifi213/Gbp3/Ccl22/Gbp11/Ifi206/Ifi214/Gbp6/Cxcl10/Tgtp1/Il6/Gpr18/Il12b/Il23r/Csf3/F830016B08Rik/Zbp1/Ccl5/Gbp10/Tgtp2/Gbp2/Lcn2/Gbp4/Gm4841/Ccl8/Nos2/Iigp1/Gbp5/Cxcl9"
"29","BP","GO:0032496","response to lipopolysaccharide",90,-0.507737901042868,-2.1166561131867,6.73309608147915e-08,6.00870781340277e-06,5.21051210370727e-06,442,"tags=40%, list=19%, signal=34%","Mir146/Ptgs2/Tnfsf4/Tnf/Stat1/Cd274/Cxcl13/Bpi/Irgm1/Il10/S100a8/Ccl12/Acp5/Il1a/Igtp/Il1b/Cxcl3/Il36g/Klrk1/Acod1/Cmpk2/Trim30d/Il36a/Cxcl11/Cxcl2/Gbp6/Cxcl10/Wfdc21/Il6/Il12b/Il23r/Ccl5/Gbp10/Gbp2/Nos2/Cxcl9"
"30","BP","GO:0002682","regulation of immune system process",333,-0.382107558875902,-1.72754151137445,7.28830044085026e-08,6.08455533578079e-06,5.27628405429295e-06,872,"tags=53%, list=37%, signal=39%","C1rb/Parp9/Ifi35/Trpm4/Jak2/Cd79b/Hmox1/Ctsc/Serpinb9/Nfkbia/Itgal/Znfx1/Icam1/Trim21/Il15ra/Orm2/Tlr1/Tnfrsf1b/Gm8909/Trim12a/H2-Aa/Clec4e/Casp4/Gm7030/Tapbp/Cd244a/Selp/Nr1h3/Lst1/Tnip3/Jag1/Fcrl6/Cx3cl1/Ifi203/Ifi208/Rigi/Pnp/Treml4/Lgals9/Aif1/Mmp12/Tnfrsf14/Il12rb1/Bst2/Aqp3/H2-Q10/Stat2/Npy/Lif/Nlrc5/Tapbpl/Fcgr4/Irak3/Cd38/Slc7a2/Lta/Clec12a/Oas1a/Fcgr1/Slc15a3/Tnfrsf9/Ptgs2os/Oas3/H4c17/Zc3h12a/H2-T22/Mmp9/Spink5/H2-Q4/Trim5/H2-T10/Fas/Oas1g/Ccl7/Bcl2a1d/H2-T23/Slamf6/Ifi204/Cd6/Dusp1/H2-T24/Trim30a/Serpinb9b/C3/H2-Q9/Myc/Nod1/Dhx58/Irf1/Tap1/Cd40/Orm1/Ifih1/Trdc/Arg1/H2-Eb1/Pla2g7/Gm5150/Tnfsf4/C1s1/Tnf/Pilrb1/Parp14/Tlr12/Klri1/Slamf1/Stat1/Cd274/Bst1/Nfkbiz/Cxcl13/Cav1/Slamf8/Zp3/Bpi/Tarm1/Fpr3/Oasl1/Clec12b/H2-M2/Irgm1/Il2ra/Il10/Sh2d1b1/Hpx/Ddx60/Il27/Gpr55/Rasgrp1/Mefv/Slamf7/Gpr31b/Ccl12/Dnase1l3/Fcrl5/Acp5/Il1a/Igtp/Sell/Iglc2/Irf7/Il1b/Socs1/H2-Q6/C2/Klrk1/Isg15/Ifi211/Il7/Ifi209/Slfn1/Acod1/Fbn1/Vcam1/Pglyrp3/Phf11a/Cfb/Ifnb1/Fpr1/Edn1/Trim30d/Fpr2/Rsad2/Ifi205/Adora2a/Ifi206/Ifi214/Cxcl10/Gfi1b/Il6/Gpr18/Il12b/Il23r/Csf3/Zbp1/Ccl5/Gbp5"
"31","BP","GO:0071310","cellular response to organic substance",348,-0.377515607253,-1.71213813065591,7.28830044085026e-08,6.08455533578079e-06,5.27628405429295e-06,582,"tags=34%, list=25%, signal=30%","Zc3h12a/Cdc42ep2/Gbp8/Gpc1/Trim5/Oas1g/Ccl7/Adamts7/Col4a2/Gja1/Gm5431/Ccl17/Ifi204/Cd6/Dusp1/Trim30a/H2-Q9/Ugt1a6b/Myc/Nod1/Irf1/Cd40/Ifih1/Sh3bp4/Mir146/Slc1a2/Arg1/Tnfsf4/Tnf/Socs3/Parp14/C1qtnf9/Bmp2/Ghr/Cyp26a1/Stat1/Cd274/Irgm2/Cxcl13/Flt4/Cav1/Itgb8/Dcn/Bpi/Oasl1/Gm11772/Trim72/Irgm1/Mir221/Il10/Col6a1/Hpx/Saa3/Ifi47/Ccl12/Gm12185/Foxh1/Il1a/Ifit2/Igtp/Oasl2/Gdnf/Gbp9/Irf7/Il1b/Traf1/Gbp2b/Cxcl3/Socs1/Flrt3/Il36g/Klrk1/Isg15/Ifi211/Il7/Ifi209/Ifit3/Slc6a4/Acod1/Fbn1/Vcam1/Ifnb1/Cmpk2/Ifit1/Gbp7/Edn1/Trim30d/Il36a/Csf2/Fpr2/Ifi205/Cxcl11/Cxcl2/Ifi213/Gbp3/Ccl22/Gbp11/Ifi206/Ifi214/Gbp6/Cxcl10/Tgtp1/Il6/Il12b/Il23r/Csf3/F830016B08Rik/Zbp1/Ccl5/Gbp10/Tgtp2/Gbp2/Gbp4/Gm4841/Ccl8/Nos2/Iigp1/Gbp5/Cxcl9"
"32","MF","GO:0005525","GTP binding",50,-0.593290027339884,-2.29388852865917,9.63805298565292e-08,7.12665175053422e-06,6.17994856102618e-06,307,"tags=40%, list=13%, signal=36%","Gem/Gucy2g/Eef1a2/Irgm1/Rnd3/Mx2/Gbp9/Gbp2b/Ciita/Gbp7/Mx1/Gbp3/Gbp11/Gbp6/Tgtp1/Gbp10/Gbp2/Gbp4/Iigp1/Gbp5"
"33","MF","GO:0019001","guanyl nucleotide binding",51,-0.588377374598731,-2.28461069016948,9.60780804950548e-08,7.12665175053422e-06,6.17994856102618e-06,307,"tags=39%, list=13%, signal=35%","Gem/Gucy2g/Eef1a2/Irgm1/Rnd3/Mx2/Gbp9/Gbp2b/Ciita/Gbp7/Mx1/Gbp3/Gbp11/Gbp6/Tgtp1/Gbp10/Gbp2/Gbp4/Iigp1/Gbp5"
"34","MF","GO:0032561","guanyl ribonucleotide binding",51,-0.588377374598731,-2.28461069016948,9.60780804950548e-08,7.12665175053422e-06,6.17994856102618e-06,307,"tags=39%, list=13%, signal=35%","Gem/Gucy2g/Eef1a2/Irgm1/Rnd3/Mx2/Gbp9/Gbp2b/Ciita/Gbp7/Mx1/Gbp3/Gbp11/Gbp6/Tgtp1/Gbp10/Gbp2/Gbp4/Iigp1/Gbp5"
"35","MF","GO:0005126","cytokine receptor binding",67,-0.542259559150448,-2.19272519342996,8.94406174708527e-08,7.12665175053422e-06,6.17994856102618e-06,246,"tags=36%, list=10%, signal=33%","Il10/Il27/Ccl12/Tnfsf10/Gdnf/Il1b/Traf1/Cxcl3/Prl2c2/Il7/Ifnb1/Il36a/Csf2/Cxcl11/Cxcl2/Ccl22/Cxcl10/Il6/Il12b/Il23r/Csf3/Ccl5/Ccl8/Cxcl9"
"36","BP","GO:0071346","cellular response to interferon-gamma",49,-0.58218698295904,-2.24295242199754,1.78029272499864e-07,1.27983265897125e-05,1.10981990926816e-05,600,"tags=63%, list=26%, signal=48%","Evl/Cdc42ep2/Gbp8/Ccl7/Ccl17/H2-Q9/Irf1/Arg1/Parp14/Stat1/Irgm1/Hpx/Ccl12/Igtp/Gbp9/Gbp2b/Socs1/Acod1/Gbp7/Gbp3/Ccl22/Gbp11/Gbp6/Il12b/Ccl5/Gbp10/Gbp2/Gbp4/Ccl8/Nos2/Gbp5"
"37","BP","GO:0071222","cellular response to lipopolysaccharide",73,-0.525839637470172,-2.14695660265968,1.87419728797893e-07,1.31092502197013e-05,1.13678196812833e-05,346,"tags=38%, list=15%, signal=34%","Stat1/Cd274/Cxcl13/Bpi/Irgm1/Il10/Ccl12/Il1a/Igtp/Il1b/Cxcl3/Il36g/Klrk1/Acod1/Cmpk2/Trim30d/Il36a/Cxcl11/Cxcl2/Gbp6/Cxcl10/Il6/Il12b/Ccl5/Gbp10/Gbp2/Nos2/Cxcl9"
"38","BP","GO:0002237","response to molecule of bacterial origin",98,-0.489637156447345,-2.06042362965781,2.24421592962502e-07,1.52842916470252e-05,1.32539289805001e-05,442,"tags=38%, list=19%, signal=32%","Mir146/Ptgs2/Tnfsf4/Tnf/Stat1/Cd274/Cxcl13/Bpi/Irgm1/Il10/S100a8/Gpr31b/Ccl12/Acp5/Il1a/Igtp/Il1b/Cxcl3/Il36g/Klrk1/Acod1/Cmpk2/Trim30d/Il36a/Cxcl11/Cxcl2/Gbp6/Cxcl10/Wfdc21/Il6/Il12b/Il23r/Ccl5/Gbp10/Gbp2/Nos2/Cxcl9"
"39","BP","GO:0042742","defense response to bacterium",88,-0.500852018562521,-2.08510887302269,4.34753461626011e-07,2.81285489672029e-05,2.4391957373333e-05,631,"tags=52%, list=27%, signal=40%","Lta/Oas1a/Fcgr1/Oas2/Oas3/Rnf213/Gbp8/Spink5/Wfdc17/Oas1g/Rnase6/Nod1/Adamts4/Pfpl/Trdc/Tnf/Irgm2/Krt6a/Cxcl13/Slamf8/Bpi/Camp/Irgm1/Il10/Acp5/Igtp/Iglc2/Gbp9/Il1b/Gbp2b/Klrk1/Isg15/Pglyrp3/Ifnb1/Gbp7/Gbp3/Gbp11/Gbp6/Wfdc21/Il12b/Gbp10/Gbp2/Lcn2/Gbp4/Nos2/Iigp1"
"40","BP","GO:0002831","regulation of response to biotic stimulus",103,-0.482284991176775,-2.03651326222867,4.27877017064999e-07,2.81285489672029e-05,2.4391957373333e-05,724,"tags=57%, list=31%, signal=41%","Cx3cl1/Ifi203/Ifi208/Rigi/Treml4/Lgals9/Mmp12/Il12rb1/Stat2/Nlrc5/Irak3/Oas1a/Oas3/Zc3h12a/Spink5/Trim5/Oas1g/Slamf6/Ifi204/Trim30a/Serpinb9b/C3/Nod1/Dhx58/Irf1/Tap1/Arg1/Parp14/Klri1/Stat1/Cd274/Slamf8/Oasl1/Clec12b/Irgm1/Sh2d1b1/Hpx/Ddx60/Il27/Rasgrp1/Igtp/Irf7/Il1b/Socs1/Klrk1/Isg15/Ifi211/Ifi209/Acod1/Trim30d/Ifi205/Ifi206/Ifi214/Il12b/Il23r/Zbp1/Ccl5/Gbp4/Gbp5"
"41","BP","GO:0071216","cellular response to biotic stimulus",78,-0.506731133880015,-2.08231331643665,4.62448056771495e-07,2.91906236810885e-05,2.53129462653871e-05,346,"tags=36%, list=15%, signal=32%","Stat1/Cd274/Cxcl13/Bpi/Irgm1/Il10/Ccl12/Il1a/Igtp/Il1b/Cxcl3/Il36g/Klrk1/Acod1/Cmpk2/Trim30d/Il36a/Cxcl11/Cxcl2/Gbp6/Cxcl10/Il6/Il12b/Ccl5/Gbp10/Gbp2/Nos2/Cxcl9"
"42","BP","GO:0006954","inflammatory response",187,-0.411247898620931,-1.81884876466498,4.90554878795813e-07,3.02275244362754e-05,2.62121053030745e-05,452,"tags=33%, list=19%, signal=29%","Cd40/Orm1/Ptgs2/Pla2g7/Tnfsf4/Tnf/Socs3/Il17rb/Tlr12/Siglece/Bmp2/Slamf1/Krt16/Bst1/Ccr3/Nfkbiz/Cxcl13/Slamf8/Zp3/Tarm1/Fpr3/Camp/Il2ra/Il10/S100a8/Olr1/Saa2/Il27/Saa1/Rasgrp1/Saa3/Mefv/Gpr31b/Ccl12/Dnase1l3/Acp5/Il1a/Sucnr1/Saa4/Il1b/Cxcl3/Il36g/Ltb4r1/Acod1/Ciita/Fpr1/Il36a/Fpr2/Cxcl11/Cxcl2/Adora2a/Ccl22/Cxcl10/Il6/Il12b/Il23r/Zbp1/Ccl5/Ccl8/Nos2/Gbp5/Cxcl9"
"43","BP","GO:0071219","cellular response to molecule of bacterial origin",75,-0.516996093258737,-2.11231793061427,8.17668701576394e-07,4.92122465041793e-05,4.26749001655048e-05,346,"tags=37%, list=15%, signal=33%","Stat1/Cd274/Cxcl13/Bpi/Irgm1/Il10/Ccl12/Il1a/Igtp/Il1b/Cxcl3/Il36g/Klrk1/Acod1/Cmpk2/Trim30d/Il36a/Cxcl11/Cxcl2/Gbp6/Cxcl10/Il6/Il12b/Ccl5/Gbp10/Gbp2/Nos2/Cxcl9"
"44","BP","GO:0071396","cellular response to lipid",100,-0.470884929662613,-1.98624721862384,1.31701445565061e-06,7.74643957096314e-05,6.71740387427537e-05,355,"tags=33%, list=15%, signal=29%","Cyp26a1/Stat1/Cd274/Cxcl13/Bpi/Irgm1/Mir221/Il10/Ccl12/Foxh1/Il1a/Igtp/Gdnf/Il1b/Cxcl3/Il36g/Klrk1/Acod1/Ifnb1/Cmpk2/Trim30d/Il36a/Cxcl11/Cxcl2/Gbp6/Cxcl10/Il6/Il12b/Ccl5/Gbp10/Gbp2/Nos2/Cxcl9"
"45","BP","GO:0006959","humoral immune response",57,-0.535789373145678,-2.12003726587641,1.93640964899928e-06,0.000111365070480225,9.6571353723192e-05,568,"tags=53%, list=24%, signal=41%","Spink5/Wfdc17/Ccl17/Rnase6/C3/Trdc/C1s1/Tnf/Krt6a/Cxcl13/Zp3/Bpi/Camp/Hpx/Ccl12/Iglc2/Il1b/Cxcl3/C2/Acod1/Pglyrp3/Cfb/Ifnb1/Cxcl11/Cxcl2/Ccl22/Cxcl10/Wfdc21/Ccl8/Cxcl9"
"46","MF","GO:0017111","ribonucleoside triphosphate phosphatase activity",73,-0.505058214216529,-2.06210789463583,2.00981233780358e-06,0.000113073789787732,9.80530870525681e-05,522,"tags=44%, list=22%, signal=35%","Gm5431/Slfn8/Rhobtb3/Dhx58/Tap1/Ifih1/Smc1b/Irgm2/Gem/Eef1a2/Irgm1/Rnd3/Ifi47/Gm12185/Mx2/Igtp/Gbp9/Gbp2b/Gbp7/Mx1/Gbp3/Gbp11/Gbp6/Tgtp1/F830016B08Rik/Gbp10/Tgtp2/Gbp2/Gbp4/Gm4841/Iigp1/Gbp5"
"47","BP","GO:0033993","response to lipid",132,-0.428488784454597,-1.84615370715943,3.64749139658781e-06,0.000199405350508191,0.000172916378135306,359,"tags=30%, list=15%, signal=27%","Ghr/Cyp26a1/Stat1/Cd274/Cxcl13/Cav1/Bpi/Irgm1/Mir221/Il10/S100a8/Ccl12/Foxh1/Acp5/Il1a/Igtp/Gdnf/Il1b/Cxcl3/Il36g/Klrk1/Acod1/Ifnb1/Cmpk2/Trim30d/Il36a/Cxcl11/Cxcl2/Gbp6/Cxcl10/Wfdc21/Il6/Il12b/Il23r/Ccl5/Gbp10/Gbp2/Nos2/Cxcl9"
"48","BP","GO:1901700","response to oxygen-containing compound",225,-0.394279823670091,-1.76386710645319,3.69839908206845e-06,0.000199405350508191,0.000172916378135306,444,"tags=30%, list=19%, signal=27%","Sh3bp4/Mir146/Slc1a2/Ptgs2/Chrm3/Tnfsf4/Tnf/Socs3/C1qtnf9/Ghr/Cyp26a1/Stat1/Cd274/Cxcl13/Cav1/Serpina3i/Bpi/Serpina3c/Aldh1a1/Trim72/Irgm1/Mir221/Il10/S100a8/Col6a1/Serpina3h/Nox1/Ccl12/Acp5/Il1a/Igtp/Sell/Gdnf/Il1b/Cxcl3/Socs1/Ly6i/Il36g/Klrk1/Ly6c2/Slc6a4/Ly6c1/Acod1/Ly6a/Vcam1/Ifnb1/Cmpk2/Edn1/Trim30d/Il36a/Adh7/Fpr2/Cxcl11/Cxcl2/Gbp6/Cxcl10/Wfdc21/Serpina3g/Il6/Il12b/Il23r/Ccl5/Gbp10/Gbp2/Lcn2/Nos2/Serpina3f/Cxcl9"
"49","BP","GO:0031347","regulation of defense response",168,-0.410103612091388,-1.80007642660332,3.982864903586e-06,0.000210360293275114,0.000182416068194315,724,"tags=51%, list=31%, signal=38%","Tnfrsf1b/Trim12a/Casp4/Nr1h3/Mgll/Cx3cl1/Ifi203/Ifi208/Rigi/Treml4/Lgals9/Mmp12/Ptges/Il12rb1/Stat2/Npy/Nlrc5/Irak3/Slc7a2/Lta/Oas1a/Fcgr1/Oas3/Zc3h12a/Spink5/Trim5/Oas1g/Gja1/Slamf6/Ifi204/Trim30a/Serpinb9b/C3/Nod1/Dhx58/Irf1/Tap1/Ptgs2/Arg1/Tnfsf4/Tnf/Socs3/Parp14/Il17rb/Siglece/Klri1/Stat1/Bst1/Nfkbiz/Slamf8/Zp3/Clec12b/Irgm1/Il2ra/Il10/Sh2d1b1/S100a8/Hpx/Il27/Rasgrp1/Mefv/Gpr31b/Dnase1l3/Acp5/Igtp/Sucnr1/Irf7/Il1b/Socs1/Klrk1/Isg15/Ifi211/Ifi209/Acod1/Trim30d/Ifi205/Adora2a/Ifi206/Ifi214/Il6/Il12b/Il23r/Zbp1/Ccl5/Gbp4/Gbp5"
"50","MF","GO:0016462","pyrophosphatase activity",76,-0.491772571307758,-2.0158320918328,4.59215048333436e-06,0.000228547797132102,0.000198187547175483,522,"tags=42%, list=22%, signal=34%","Gm5431/Slfn8/Rhobtb3/Dhx58/Tap1/Ifih1/Smc1b/Irgm2/Gem/Eef1a2/Irgm1/Rnd3/Ifi47/Gm12185/Mx2/Igtp/Gbp9/Gbp2b/Gbp7/Mx1/Gbp3/Gbp11/Gbp6/Tgtp1/F830016B08Rik/Gbp10/Tgtp2/Gbp2/Gbp4/Gm4841/Iigp1/Gbp5"
"51","MF","GO:0016817","hydrolase activity, acting on acid anhydrides",76,-0.491772571307758,-2.0158320918328,4.59215048333436e-06,0.000228547797132102,0.000198187547175483,522,"tags=42%, list=22%, signal=34%","Gm5431/Slfn8/Rhobtb3/Dhx58/Tap1/Ifih1/Smc1b/Irgm2/Gem/Eef1a2/Irgm1/Rnd3/Ifi47/Gm12185/Mx2/Igtp/Gbp9/Gbp2b/Gbp7/Mx1/Gbp3/Gbp11/Gbp6/Tgtp1/F830016B08Rik/Gbp10/Tgtp2/Gbp2/Gbp4/Gm4841/Iigp1/Gbp5"
"52","MF","GO:0016818","hydrolase activity, acting on acid anhydrides, in phosphorus-containing anhydrides",76,-0.491772571307758,-2.0158320918328,4.59215048333436e-06,0.000228547797132102,0.000198187547175483,522,"tags=42%, list=22%, signal=34%","Gm5431/Slfn8/Rhobtb3/Dhx58/Tap1/Ifih1/Smc1b/Irgm2/Gem/Eef1a2/Irgm1/Rnd3/Ifi47/Gm12185/Mx2/Igtp/Gbp9/Gbp2b/Gbp7/Mx1/Gbp3/Gbp11/Gbp6/Tgtp1/F830016B08Rik/Gbp10/Tgtp2/Gbp2/Gbp4/Gm4841/Iigp1/Gbp5"
"53","BP","GO:0050776","regulation of immune response",225,-0.389913360038338,-1.74433310773146,5.91047328772198e-06,0.000288609525823103,0.000250270686185169,919,"tags=58%, list=39%, signal=39%","Mndal/Ccr1/Cd300ld3/Trim12c/Tlr3/H2-Q1/Gm11127/C1rb/Parp9/Ifi35/Trpm4/Jak2/Cd79b/Hmox1/Serpinb9/Nfkbia/Znfx1/Trim21/Tlr1/Tnfrsf1b/Gm8909/Trim12a/Clec4e/Gm7030/Tapbp/Nr1h3/Tnip3/Fcrl6/Ifi203/Ifi208/Rigi/Pnp/Treml4/Lgals9/Mmp12/Tnfrsf14/Il12rb1/H2-Q10/Stat2/Npy/Nlrc5/Tapbpl/Fcgr4/Irak3/Cd38/Lta/Clec12a/Oas1a/Fcgr1/Slc15a3/Ptgs2os/Oas3/Zc3h12a/H2-T22/Spink5/H2-Q4/Trim5/H2-T10/Oas1g/Bcl2a1d/H2-T23/Slamf6/Ifi204/H2-T24/Trim30a/Serpinb9b/C3/H2-Q9/Nod1/Dhx58/Irf1/Tap1/Cd40/Ifih1/Trdc/Arg1/Tnfsf4/C1s1/Tnf/Parp14/Tlr12/Klri1/Slamf1/Cd274/Nfkbiz/Cav1/Slamf8/Zp3/Fpr3/Oasl1/Clec12b/H2-M2/Irgm1/Il10/Sh2d1b1/Hpx/Ddx60/Il27/Rasgrp1/Mefv/Gpr31b/Fcrl5/Igtp/Iglc2/Irf7/Il1b/Socs1/H2-Q6/C2/Klrk1/Isg15/Ifi211/Ifi209/Acod1/Pglyrp3/Phf11a/Cfb/Ifnb1/Fpr1/Trim30d/Fpr2/Rsad2/Ifi205/Ifi206/Ifi214/Il6/Il12b/Il23r/Zbp1/Gbp5"
"54","BP","GO:0050778","positive regulation of immune response",142,-0.410277543014822,-1.77598511547335,8.43115063543707e-06,0.000404070700824281,0.000350394018611147,722,"tags=47%, list=31%, signal=35%","Ifi203/Ifi208/Pnp/Lgals9/Mmp12/Il12rb1/H2-Q10/Nlrc5/Cd38/Lta/Fcgr1/Zc3h12a/H2-T22/H2-Q4/Trim5/H2-T10/Bcl2a1d/H2-T23/Slamf6/Ifi204/H2-T24/Trim30a/C3/H2-Q9/Irf1/Cd40/Trdc/Tnfsf4/C1s1/Tnf/Klri1/Slamf1/Cd274/Nfkbiz/Zp3/Fpr3/H2-M2/Irgm1/Il10/Sh2d1b1/Hpx/Rasgrp1/Gpr31b/Fcrl5/Igtp/Iglc2/Irf7/Il1b/H2-Q6/C2/Klrk1/Ifi211/Ifi209/Acod1/Cfb/Fpr1/Trim30d/Fpr2/Rsad2/Ifi205/Ifi206/Ifi214/Il6/Il12b/Il23r/Zbp1/Gbp5"
"55","MF","GO:0005102","signaling receptor binding",249,-0.373424398673231,-1.67672486505679,8.68375663860929e-06,0.000408610221467652,0.00035433051011512,587,"tags=36%, list=25%, signal=30%","Arnt2/Cdc42ep2/H2-T22/Pilrb2/H2-Q4/H2-T10/Ccl7/Ptpn14/H2-T23/Gja1/Ccl17/H2-T24/Marchf1/C3/H2-Q9/Tap1/Trdc/H2-Eb1/Chrm3/Tnfsf4/Sema3c/Tnf/Pilrb1/Il19/Tnn/C1qtnf9/Bmp2/Stat1/Sema3g/Cxcl13/Cav1/Itgb8/Zp3/Tarm1/Fpr3/H2-M2/Il10/S100a8/Saa2/Il27/Uts2b/Saa3/Ccl12/Bmp1/Lamc2/Il1a/Pnoc/Tnfsf10/Gdnf/Iglc2/Rtp4/Il1b/Traf1/Cxcl3/Socs1/H2-Q6/Flrt3/Ly6i/Il36g/Klrk1/Isg15/Prl2c2/Il7/Ly6c2/Ly6c1/Mmp13/Fbn1/Ly6a/Vcam1/Styk1/Ifnb1/Fpr1/Edn1/Il36a/Adh7/Csf2/Fpr2/Cxcl11/Cxcl2/Adora2a/Ccl22/Cxcl10/Il6/Il12b/Il23r/Csf3/Ccl5/Marco/Ccl8/Cxcl9"
"56","BP","GO:0061844","antimicrobial humoral immune response mediated by antimicrobial peptide",22,-0.664990101983822,-2.18601072610746,9.28755598302664e-06,0.000429217765787017,0.000372200551800992,328,"tags=59%, list=14%, signal=51%","Krt6a/Cxcl13/Bpi/Camp/Ccl12/Cxcl3/Pglyrp3/Cxcl11/Cxcl2/Ccl22/Cxcl10/Ccl8/Cxcl9"
"57","BP","GO:0032101","regulation of response to external stimulus",217,-0.384717332675598,-1.71585954302095,1.16014444551818e-05,0.000526746285087905,0.000456773399417316,724,"tags=45%, list=31%, signal=34%","Cx3cl1/Ifi203/Ifi208/Rigi/Treml4/Lgals9/Aif1/Mmp12/Ptges/Il12rb1/Stat2/Npy/Nlrc5/Irak3/Slc7a2/Lta/Oas1a/Fcgr1/Oas3/Zc3h12a/Spink5/Trim5/Oas1g/Ccl7/Gja1/Slamf6/Ifi204/Dusp1/Trim30a/Serpinb9b/C3/Nod1/Dhx58/Irf1/Tap1/Ptgs2/Arg1/Pla2g7/Tnfsf4/Sema3c/Tnf/Socs3/Parp14/Il17rb/Siglece/Klri1/Slamf1/Stat1/Sema3g/Bst1/Nfkbiz/Cxcl13/Cav1/Slamf8/Zp3/Oasl1/Clec12b/Irgm1/Il2ra/Il10/Sh2d1b1/S100a8/Hpx/Ddx60/Il27/Rasgrp1/Mefv/Gpr31b/Ccl12/Dnase1l3/Acp5/Igtp/Sell/Sucnr1/Irf7/Il1b/Socs1/Klrk1/Isg15/Ifi211/Ifi209/Acod1/Fbn1/Edn1/Trim30d/Ifi205/Adora2a/Ifi206/Ifi214/Cxcl10/Il6/Gpr18/Il12b/Il23r/Zbp1/Ccl5/Gbp4/Gbp5"
"58","BP","GO:0019221","cytokine-mediated signaling pathway",113,-0.437396846003105,-1.86433170473733,1.31956737084154e-05,0.000578820399277609,0.000501929997258546,359,"tags=33%, list=15%, signal=29%","Tnf/Parp14/Ghr/Stat1/Cxcl13/Cav1/Oasl1/Irgm1/Hpx/Ccl12/Il1a/Igtp/Oasl2/Irf7/Il1b/Traf1/Cxcl3/Socs1/Il36g/Isg15/Il7/Ifnb1/Edn1/Il36a/Csf2/Cxcl11/Cxcl2/Ccl22/Cxcl10/Il6/Il12b/Il23r/Zbp1/Ccl5/Ccl8/Iigp1/Cxcl9"
"59","BP","GO:1901701","cellular response to oxygen-containing compound",175,-0.400373124454029,-1.76361904676819,1.30298738542141e-05,0.000578820399277609,0.000501929997258546,444,"tags=33%, list=19%, signal=29%","Nod1/Irf1/Sh3bp4/Mir146/Slc1a2/Chrm3/Tnfsf4/Tnf/Socs3/C1qtnf9/Ghr/Cyp26a1/Stat1/Cd274/Cxcl13/Cav1/Bpi/Aldh1a1/Trim72/Irgm1/Mir221/Il10/Col6a1/Ccl12/Il1a/Igtp/Gdnf/Il1b/Cxcl3/Socs1/Ly6i/Il36g/Klrk1/Ly6c2/Slc6a4/Ly6c1/Acod1/Ly6a/Vcam1/Ifnb1/Cmpk2/Edn1/Trim30d/Il36a/Fpr2/Cxcl11/Cxcl2/Gbp6/Cxcl10/Il6/Il12b/Ccl5/Gbp10/Gbp2/Lcn2/Nos2/Cxcl9"
"60","BP","GO:0002833","positive regulation of response to biotic stimulus",53,-0.513444104324244,-2.00947044543403,1.43401821209167e-05,0.000618539855482207,0.000536373127750779,516,"tags=49%, list=22%, signal=39%","Slamf6/Ifi204/Trim30a/Dhx58/Arg1/Klri1/Cd274/Oasl1/Irgm1/Sh2d1b1/Hpx/Ddx60/Rasgrp1/Igtp/Irf7/Klrk1/Ifi211/Ifi209/Acod1/Trim30d/Ifi205/Ifi206/Ifi214/Il12b/Zbp1/Gbp5"
"61","BP","GO:0097696","receptor signaling pathway via STAT",35,-0.565599375552194,-2.0395722025748,1.87655529446077e-05,0.00078331050033298,0.00067925566855524,465,"tags=51%, list=20%, signal=42%","Irf1/Cd40/Socs3/Parp14/Ghr/Stat1/Cav1/Clec12b/Il10/Hpx/Socs1/Prl2c2/Ifnb1/Csf2/Il6/Il12b/Il23r/Ccl5"
"62","MF","GO:0098772","molecular function regulator activity",248,-0.367957399179233,-1.65271188278741,1.85702631009712e-05,0.00078331050033298,0.00067925566855524,412,"tags=28%, list=18%, signal=26%","Tnfsf4/Kndc1/Sema3c/Kcnab1/Tnf/Socs3/Il19/C1qtnf9/Bmp2/Sema3g/Cxcl13/Cav1/Serpina3i/Gem/Zp3/Cacng6/Clec12b/Serpina3c/Irgm1/Rap1gap2/Il10/Mmp25/Il27/Mug2/Uts2b/Rasgrp1/Saa3/Prkag3/Ccl12/Bmp1/Il1a/Pnoc/Serpinb2/Igtp/Tnfsf10/Gdnf/Il1b/Cxcl3/Socs1/Flrt3/Cabp4/Ly6i/Il36g/Prl2c2/Il7/Ly6c2/Ly6c1/Fbn1/Ly6a/Ifnb1/Edn1/Il36a/Adh7/Csf2/Stfa3/Cxcl11/Cxcl2/Ccl22/Cxcl10/Wfdc21/Serpina3g/Il6/Il12b/Csf3/Ccl5/Ccl8/Nos2/Serpina3f/Cxcl9"
"63","BP","GO:0019730","antimicrobial humoral response",30,-0.60722907501441,-2.11269080832682,3.165654967137e-05,0.00130043096110326,0.00112768193649726,328,"tags=50%, list=14%, signal=44%","Krt6a/Cxcl13/Bpi/Camp/Ccl12/Cxcl3/Acod1/Pglyrp3/Cxcl11/Cxcl2/Ccl22/Cxcl10/Wfdc21/Ccl8/Cxcl9"
"64","MF","GO:0008083","growth factor activity",17,-0.688976833399049,-2.12029794913118,3.23033939840723e-05,0.00130626849423093,0.00113274401273096,184,"tags=47%, list=8%, signal=44%","Bmp1/Gdnf/Prl2c2/Il7/Csf2/Il6/Il12b/Csf3"
"65","BP","GO:0071621","granulocyte chemotaxis",44,-0.524093343786523,-1.98014284326,3.63707299457037e-05,0.00144811460153048,0.00125574730759903,363,"tags=39%, list=15%, signal=33%","Slamf1/Bst1/Ccr3/Cxcl13/S100a8/Ccl12/Sell/Il1b/Cxcl3/Edn1/Cxcl11/Cxcl2/Ccl22/Cxcl10/Ccl5/Ccl8/Cxcl9"
"66","BP","GO:0002684","positive regulation of immune system process",230,-0.363410914133066,-1.62778265776869,3.78851830035431e-05,0.00148555838807833,0.00128821706799926,778,"tags=46%, list=33%, signal=34%","Gm8909/Trim12a/H2-Aa/Casp4/Gm7030/Cd244a/Selp/Cx3cl1/Ifi203/Ifi208/Rigi/Pnp/Lgals9/Aif1/Mmp12/Tnfrsf14/Il12rb1/Aqp3/H2-Q10/Lif/Nlrc5/Irak3/Cd38/Lta/Fcgr1/Zc3h12a/H2-T22/Mmp9/H2-Q4/Trim5/H2-T10/Ccl7/Bcl2a1d/H2-T23/Slamf6/Ifi204/Cd6/H2-T24/Trim30a/C3/H2-Q9/Nod1/Dhx58/Irf1/Cd40/Trdc/Arg1/H2-Eb1/Pla2g7/Gm5150/Tnfsf4/C1s1/Tnf/Klri1/Slamf1/Cd274/Bst1/Nfkbiz/Cxcl13/Cav1/Zp3/Fpr3/H2-M2/Irgm1/Il2ra/Il10/Sh2d1b1/Hpx/Ddx60/Rasgrp1/Gpr31b/Ccl12/Fcrl5/Il1a/Igtp/Sell/Iglc2/Irf7/Il1b/Socs1/H2-Q6/C2/Klrk1/Ifi211/Il7/Ifi209/Acod1/Vcam1/Cfb/Fpr1/Edn1/Trim30d/Fpr2/Rsad2/Ifi205/Ifi206/Ifi214/Cxcl10/Gfi1b/Il6/Il12b/Il23r/Zbp1/Ccl5/Gbp5"
"67","BP","GO:0044403","biological process involved in symbiotic interaction",38,-0.548207308584605,-2.00972916155878,4.09849640245267e-05,0.00155983951316875,0.00135263070124289,316,"tags=39%, list=13%, signal=35%","Cav1/Camp/Ccl12/Gbp9/Trim30c/Gbp2b/Pglyrp3/Ciita/Gbp7/Trim30d/Gbp3/Gbp6/Ccl5/Gbp2/Ccl8"
"68","BP","GO:0001819","positive regulation of cytokine production",135,-0.406321751460085,-1.75387249738599,4.08137622698705e-05,0.00155983951316875,0.00135263070124289,835,"tags=53%, list=36%, signal=36%","Clec9a/Tnfsf15/Htr2b/Tlr1/Pnp2/Tnfrsf8/Clec4e/Casp4/Cd244a/Ccl4/Cx3cl1/Rigi/Pnp/Lgals9/Aif1/Mmp12/Tnfrsf14/Il12rb1/Irak3/Batf/Lta/Oas1a/Oas2/Oas3/Akap12/Oas1g/Slamf6/Ifi204/Cd6/Chil1/C3/H2-Q9/Nod1/Dhx58/Irf1/Cd40/Ifih1/Ptgs2/Tnfsf4/Tnf/Il17rb/Slamf1/Stat1/Cd274/Flt4/Zp3/Tarm1/Camp/Il10/Saa2/Il27/Rasgrp1/Mefv/Il1a/Irf7/Il1b/Il36g/Klrk1/Isg15/Ifi211/Il7/Il36a/Csf2/Rsad2/Ifi205/Ifi206/Il6/Il12b/Il23r/Ccl5/Nos2/Gbp5"
"69","BP","GO:0050830","defense response to Gram-positive bacterium",38,-0.545134882272392,-1.99846564015055,5.1156252276433e-05,0.00189131972702012,0.00164007714065196,494,"tags=50%, list=21%, signal=40%","Rnase6/Nod1/Pfpl/Tnf/Krt6a/Camp/Acp5/Gbp9/Il1b/Gbp2b/Klrk1/Pglyrp3/Gbp7/Gbp3/Gbp11/Gbp6/Gbp10/Gbp2/Gbp4"
"70","BP","GO:0045088","regulation of innate immune response",77,-0.460752950129154,-1.88821651683824,5.09969381652583e-05,0.00189131972702012,0.00164007714065196,722,"tags=56%, list=31%, signal=40%","Ifi203/Ifi208/Lgals9/Mmp12/Stat2/Nlrc5/Irak3/Oas1a/Oas3/Trim5/Oas1g/Slamf6/Ifi204/Trim30a/Serpinb9b/C3/Dhx58/Irf1/Tap1/Arg1/Parp14/Klri1/Slamf8/Clec12b/Irgm1/Sh2d1b1/Hpx/Rasgrp1/Igtp/Irf7/Socs1/Klrk1/Isg15/Ifi211/Ifi209/Acod1/Trim30d/Ifi205/Ifi206/Ifi214/Il12b/Zbp1/Gbp5"
"71","BP","GO:0030593","neutrophil chemotaxis",38,-0.543107896275852,-1.99103470516751,5.53444375217202e-05,0.0020173437226227,0.00174936013041227,335,"tags=39%, list=14%, signal=34%","Bst1/Cxcl13/S100a8/Ccl12/Sell/Il1b/Cxcl3/Edn1/Cxcl11/Cxcl2/Ccl22/Cxcl10/Ccl5/Ccl8/Cxcl9"
"72","BP","GO:0032103","positive regulation of response to external stimulus",126,-0.405027309984227,-1.74549387810333,5.65194709180067e-05,0.00203156098244169,0.00176168877188875,516,"tags=37%, list=22%, signal=30%","Slamf6/Ifi204/Trim30a/C3/Nod1/Dhx58/Ptgs2/Arg1/Pla2g7/Tnfsf4/Tnf/Il17rb/Klri1/Slamf1/Nfkbiz/Cxcl13/Zp3/Oasl1/Irgm1/Sh2d1b1/S100a8/Hpx/Ddx60/Rasgrp1/Mefv/Igtp/Sell/Sucnr1/Irf7/Il1b/Klrk1/Ifi211/Ifi209/Acod1/Fbn1/Edn1/Trim30d/Ifi205/Ifi206/Ifi214/Cxcl10/Il6/Il12b/Zbp1/Ccl5/Gbp5"
"73","BP","GO:0001817","regulation of cytokine production",180,-0.37193473298358,-1.64280703585989,6.04122696049022e-05,0.00214173909229434,0.00185723084062944,779,"tags=47%, list=33%, signal=34%","Tnfrsf1b/Tnfrsf8/Clec4e/Casp4/Cd244a/Ccl4/Cx3cl1/Rigi/Pnp/Lgals9/Aif1/Mmp12/Tnfrsf14/Il12rb1/Bst2/Clec4a2/Irak3/Batf/Lta/Oas1a/Oas2/Oas3/Zc3h12a/Akap12/Oas1g/Slamf6/Ifi204/Cd6/Trim30a/Chil1/C3/H2-Q9/Clec4a1/Nod1/Dhx58/Irf1/Cd40/Ifih1/Ptgs2/Arg1/Tnfsf4/Tnf/Il17rb/Slamf1/Stat1/Cd274/Flt4/Itgb8/Zp3/Bpi/Tarm1/Camp/Il10/Sh2d1b1/Saa2/Il27/Rasgrp1/Mefv/Acp5/Il1a/Irf7/Il1b/Socs1/Il36g/Klrk1/Isg15/Ifi211/Il7/Acod1/Pglyrp3/Ifnb1/Il36a/Csf2/Rsad2/Ifi205/Ifi206/Il6/Gpr18/Il12b/Il23r/Ccl5/Gbp4/Nos2/Gbp5"
"74","BP","GO:0048525","negative regulation of viral process",35,-0.546427234785923,-1.97043675607158,6.12510926392299e-05,0.00214213280743685,0.00185757225472031,627,"tags=63%, list=27%, signal=47%","Oas1a/Oas2/Oas3/Trim5/Oas1g/Oas1b/Ifi204/Sp100/Trim30a/Ifih1/Tnf/Isg20/Stat1/Oasl1/Oasl2/Isg15/Ciita/Ifnb1/Trim30d/Rsad2/Ifi206/Ccl5"
"75","BP","GO:0007259","receptor signaling pathway via JAK-STAT",32,-0.572779451505602,-2.01230511170184,7.79391084473599e-05,0.00268941883549023,0.00233215690118977,465,"tags=53%, list=20%, signal=43%","Irf1/Cd40/Socs3/Parp14/Ghr/Stat1/Cav1/Il10/Hpx/Socs1/Prl2c2/Ifnb1/Csf2/Il6/Il12b/Il23r/Ccl5"
"76","BP","GO:0070098","chemokine-mediated signaling pathway",23,-0.629363690892151,-2.07791965908279,8.56412082304684e-05,0.00291630851184806,0.00252890659206868,196,"tags=43%, list=8%, signal=40%","Ccl12/Cxcl3/Edn1/Cxcl11/Cxcl2/Ccl22/Cxcl10/Ccl5/Ccl8/Cxcl9"
"77","BP","GO:0031640","killing of cells of another organism",13,-0.718151240771251,-2.04814459154322,8.7019392926664e-05,0.00292475569992476,0.00253623165713804,519,"tags=77%, list=22%, signal=60%","Ccl17/C3/Cxcl13/Ccl12/Pglyrp3/Ccl22/Cxcl10/Ccl8/Nos2/Cxcl9"
"78","BP","GO:1904892","regulation of receptor signaling pathway via STAT",21,-0.630590299898433,-2.02927033230273,9.62527504424807e-05,0.00319361689929667,0.00276937738115208,465,"tags=62%, list=20%, signal=50%","Irf1/Socs3/Parp14/Ghr/Cav1/Clec12b/Il10/Socs1/Prl2c2/Ifnb1/Il6/Il12b/Il23r"
"79","BP","GO:1990266","neutrophil migration",46,-0.513524112663723,-1.95964445630087,9.8937565160846e-05,0.00324114453969961,0.00281059145800032,335,"tags=37%, list=14%, signal=32%","Bst1/Cxcl13/Slamf8/S100a8/Ccl12/Il1a/Sell/Il1b/Cxcl3/Edn1/Cxcl11/Cxcl2/Ccl22/Cxcl10/Ccl5/Ccl8/Cxcl9"
"80","BP","GO:0002697","regulation of immune effector process",105,-0.419937256410527,-1.77901195602584,0.000100334731010187,0.00324582854817954,0.00281465324360155,779,"tags=55%, list=33%, signal=39%","Tnfrsf1b/Gm8909/Casp4/Gm7030/Cd244a/Rigi/Pnp/Lgals9/Tnfrsf14/Bst2/H2-Q10/Irak3/Lta/Fcgr1/Zc3h12a/H2-T22/Spink5/H2-Q4/H2-T10/H2-T23/Slamf6/H2-T24/Serpinb9b/C3/H2-Q9/Nod1/Dhx58/Irf1/Tap1/Cd40/Arg1/Tnfsf4/Tnf/Klri1/Slamf1/Nfkbiz/Slamf8/Zp3/Clec12b/H2-M2/Il10/Sh2d1b1/Hpx/Ddx60/Il27/Rasgrp1/Dnase1l3/Acp5/Il1b/H2-Q6/C2/Klrk1/Pglyrp3/Cfb/Ifnb1/Rsad2/Il6/Il12b"
"81","BP","GO:0016032","viral process",60,-0.480306442419433,-1.91590082947601,0.000117114083569948,0.00374186726270403,0.0032447982608334,696,"tags=55%, list=30%, signal=40%","Tnfrsf14/Bst2/Trim34a/Oas1a/Oas2/Oas3/Zc3h12a/Trim5/Oas1g/Oas1b/Ifi204/Sp100/Trim30a/Ifih1/Tnf/Isg20/Stat1/Cav1/Oasl1/Gm11772/Ccl12/Oasl2/Trim30c/Isg15/Vcam1/Ciita/Ifnb1/Trim30d/Rsad2/Ifi206/Zbp1/Ccl5/Ccl8"
"82","BP","GO:0019079","viral genome replication",32,-0.564362309500545,-1.98273376824988,0.00012212431176098,0.00385436242484655,0.00334234958503736,627,"tags=62%, list=27%, signal=46%","Oas1a/Oas2/Oas3/Zc3h12a/Oas1g/Oas1b/Ifi204/Ifih1/Tnf/Isg20/Oasl1/Gm11772/Ccl12/Oasl2/Isg15/Ifnb1/Rsad2/Ifi206/Ccl5/Ccl8"
"83","BP","GO:0019058","viral life cycle",49,-0.498606813923159,-1.92094875641029,0.000127275878279373,0.00396855389140986,0.00344137187687539,684,"tags=57%, list=29%, signal=41%","Bst2/Trim34a/Oas1a/Oas2/Oas3/Zc3h12a/Trim5/Oas1g/Oas1b/Ifi204/Trim30a/Ifih1/Tnf/Isg20/Cav1/Oasl1/Gm11772/Ccl12/Oasl2/Trim30c/Isg15/Ciita/Ifnb1/Trim30d/Rsad2/Ifi206/Ccl5/Ccl8"
"84","BP","GO:0051701","biological process involved in interaction with host",26,-0.597028253829167,-2.02601152438345,0.00013712935402327,0.00410549449668261,0.00356012131575991,152,"tags=38%, list=6%, signal=36%","Gbp9/Trim30c/Gbp2b/Pglyrp3/Ciita/Gbp7/Trim30d/Gbp3/Gbp6/Gbp2"
"85","BP","GO:0097530","granulocyte migration",52,-0.497455040998175,-1.94010062835739,0.000138013145754013,0.00410549449668261,0.00356012131575991,363,"tags=37%, list=15%, signal=32%","Slamf1/Bst1/Ccr3/Cxcl13/Slamf8/S100a8/Ccl12/Il1a/Sell/Il1b/Cxcl3/Edn1/Cxcl11/Cxcl2/Ccl22/Cxcl10/Ccl5/Ccl8/Cxcl9"
"86","BP","GO:0002683","negative regulation of immune system process",101,-0.422287587837429,-1.78309344653563,0.000137720798936693,0.00410549449668261,0.00356012131575991,773,"tags=54%, list=33%, signal=38%","H2-Aa/Nr1h3/Lst1/Cx3cl1/Lgals9/Mmp12/Tnfrsf14/Bst2/Stat2/Npy/Nlrc5/Tapbpl/Irak3/Oas1a/Oas3/Zc3h12a/Spink5/Fas/Oas1g/Ifi204/Dusp1/Serpinb9b/Myc/Dhx58/Irf1/Tap1/Arg1/Tnfsf4/Tnf/Pilrb1/Parp14/Slamf1/Cd274/Slamf8/Bpi/Tarm1/Clec12b/Il2ra/Il10/Sh2d1b1/Gpr55/Ccl12/Fcrl5/Acp5/Socs1/Isg15/Slfn1/Acod1/Fbn1/Pglyrp3/Ifnb1/Adora2a/Ifi206/Gpr18/Il12b"
"87","BP","GO:0048584","positive regulation of response to stimulus",349,-0.324389926723695,-1.47172631548915,0.000134903237690998,0.00410549449668261,0.00356012131575991,735,"tags=39%, list=31%, signal=32%","Ccl4/Jag1/Glrx/Cx3cl1/Ifi203/Ifi208/Rigi/Pnp/Treml4/Lgals9/Tmem198/Aif1/Mmp12/Il1rn/Il12rb1/H2-Q10/Trim34a/Npy/Rapgef2/Lif/Nlrc5/Gipr/Cd38/F2rl2/Lta/Fcgr1/Slc15a3/Zc3h12a/H2-T22/Mmp9/H2-Q4/Trim5/Akap12/Ddr2/H2-T10/Fas/Ccl7/Bcl2a1d/Wnk2/H2-T23/Gja1/Ccl17/Slamf6/Ifi204/H2-T24/Trim30a/Chil1/C3/H2-Q9/Myc/Nod1/Dhx58/Irf1/Cd40/Ifih1/Trdc/Ptgs2/Arg1/Pla2g7/Tnfsf4/C1s1/Tnf/Parp14/Il19/Il17rb/C1qtnf9/Klri1/Bmp2/Slamf1/Ghr/Pim2/Cd274/Nfkbiz/Cxcl13/Flt4/Cav1/Zp3/Dcn/Fpr3/Oasl1/H2-M2/Irgm1/Il10/Sh2d1b1/S100a8/Hpx/Ddx60/Gpr55/Rasgrp1/Mefv/Nox1/Gpr31b/Ccl12/Fcrl5/Il1a/Igtp/Tnfsf10/Sell/Sucnr1/Iglc2/Irf7/Il1b/Trim30c/Traf1/Socs1/H2-Q6/C2/Klrk1/Ifi211/Prl2c2/Il7/Ifi209/Acod1/Fbn1/Cfb/Ifnb1/Fpr1/Edn1/Trim30d/Fpr2/Rsad2/Ifi205/Adora2a/Ccl22/Ifi206/Ifi214/Cxcl10/Il6/Gpr18/Ubd/Il12b/Il23r/Csf3/Zbp1/Ccl5/Ccl8/Gbp5"
"88","BP","GO:0045089","positive regulation of innate immune response",45,-0.511025315616255,-1.93510195122245,0.000159035433924426,0.00467708753405017,0.00405578403261814,262,"tags=36%, list=11%, signal=32%","Irgm1/Sh2d1b1/Hpx/Rasgrp1/Igtp/Irf7/Klrk1/Ifi211/Ifi209/Trim30d/Ifi205/Ifi206/Ifi214/Il12b/Zbp1/Gbp5"
"89","BP","GO:0001906","cell killing",60,-0.475177540795658,-1.89544208479252,0.000162779289009946,0.00473340224671619,0.00410461790856541,574,"tags=48%, list=24%, signal=37%","H2-T22/H2-Q4/H2-T10/H2-T23/Ccl17/Slamf6/H2-T24/Serpinb9b/C3/H2-Q9/Tap1/Arg1/Klri1/Cxcl13/Clec12b/H2-M2/Sh2d1b1/Rasgrp1/Ccl12/Dnase1l3/H2-Q6/Klrk1/Pglyrp3/Ccl22/Cxcl10/Il12b/Ccl8/Nos2/Cxcl9"
"90","BP","GO:1990868","response to chemokine",25,-0.592090119316738,-1.99579051534725,0.000182216656019793,0.00512583375846983,0.00444491888597481,196,"tags=40%, list=8%, signal=37%","Ccl12/Cxcl3/Edn1/Cxcl11/Cxcl2/Ccl22/Cxcl10/Ccl5/Ccl8/Cxcl9"
"91","BP","GO:1990869","cellular response to chemokine",25,-0.592090119316738,-1.99579051534725,0.000182216656019793,0.00512583375846983,0.00444491888597481,196,"tags=40%, list=8%, signal=37%","Ccl12/Cxcl3/Edn1/Cxcl11/Cxcl2/Ccl22/Cxcl10/Ccl5/Ccl8/Cxcl9"
"92","BP","GO:0002706","regulation of lymphocyte mediated immunity",58,-0.473045336744443,-1.87766209316485,0.000179359152583374,0.00512583375846983,0.00444491888597481,779,"tags=64%, list=33%, signal=44%","Tnfrsf1b/Gm8909/Gm7030/Pnp/Lgals9/H2-Q10/Lta/Fcgr1/H2-T22/H2-Q4/H2-T10/H2-T23/Slamf6/H2-T24/Serpinb9b/C3/H2-Q9/Tap1/Cd40/Arg1/Tnfsf4/Tnf/Klri1/Slamf1/Zp3/Clec12b/H2-M2/Sh2d1b1/Hpx/Rasgrp1/Il1b/H2-Q6/Klrk1/Ifnb1/Rsad2/Il6/Il12b"
"93","MF","GO:0008009","chemokine activity",21,-0.619746613213101,-1.99437481981725,0.000185666060353851,0.00516670714188997,0.00448036265619028,196,"tags=43%, list=8%, signal=40%","Ccl12/Cxcl3/Cxcl11/Cxcl2/Ccl22/Cxcl10/Ccl5/Ccl8/Cxcl9"
"94","BP","GO:0031349","positive regulation of defense response",99,-0.412243298967162,-1.73969685609435,0.000192739414771629,0.00530648516413803,0.00460157259006845,526,"tags=37%, list=22%, signal=30%","Gja1/Slamf6/Ifi204/Trim30a/C3/Nod1/Ptgs2/Arg1/Tnfsf4/Tnf/Il17rb/Klri1/Nfkbiz/Zp3/Irgm1/Sh2d1b1/S100a8/Hpx/Rasgrp1/Mefv/Igtp/Sucnr1/Irf7/Il1b/Klrk1/Ifi211/Ifi209/Acod1/Trim30d/Ifi205/Ifi206/Ifi214/Il6/Il12b/Zbp1/Ccl5/Gbp5"
"95","BP","GO:0007623","circadian rhythm",17,-0.651594385882434,-2.00525499999173,0.000206920641073249,0.00563695388523755,0.00488814190324838,122,"tags=35%, list=5%, signal=34%","Mc3r/Slc6a4/Csf2/Adora2a/Il6/Nos2"
"96","BP","GO:0046425","regulation of receptor signaling pathway via JAK-STAT",18,-0.647597776188319,-2.02467104183365,0.000224589382508162,0.00603584048318764,0.00523404047431711,465,"tags=67%, list=20%, signal=54%","Irf1/Socs3/Parp14/Ghr/Cav1/Il10/Socs1/Prl2c2/Ifnb1/Il6/Il12b/Il23r"
"97","BP","GO:1903900","regulation of viral life cycle",39,-0.518186041092526,-1.90868708827979,0.00022622740605456,0.00603584048318764,0.00523404047431711,684,"tags=62%, list=29%, signal=44%","Bst2/Trim34a/Oas1a/Oas2/Oas3/Trim5/Oas1g/Oas1b/Ifi204/Trim30a/Ifih1/Tnf/Isg20/Oasl1/Gm11772/Oasl2/Trim30c/Isg15/Ciita/Ifnb1/Trim30d/Rsad2/Ifi206/Ccl5"
"98","MF","GO:0070851","growth factor receptor binding",28,-0.565817243106203,-1.94992580010297,0.000243431631351017,0.00642858226465746,0.0055746105052671,246,"tags=36%, list=10%, signal=32%","Il10/Gdnf/Il1b/Flrt3/Il7/Il36a/Csf2/Il6/Il23r/Csf3"
"99","MF","GO:0001664","G protein-coupled receptor binding",56,-0.481869240965871,-1.9002816693323,0.000257086823977741,0.00672061313590297,0.0058278480459388,224,"tags=30%, list=10%, signal=28%","Saa2/Uts2b/Ccl12/Pnoc/Rtp4/Cxcl3/Fpr1/Edn1/Cxcl11/Cxcl2/Adora2a/Ccl22/Cxcl10/Ccl5/Marco/Ccl8/Cxcl9"
"100","BP","GO:0002526","acute inflammatory response",31,-0.543306051006993,-1.90375744239435,0.00027051464503425,0.00700091901348639,0.00607091813908443,702,"tags=77%, list=30%, signal=55%","Serpinb9/Icam1/Orm2/Ptges/Il1rn/Serpina3n/Npy/Fcgr1/Cd6/C3/Orm1/Ptgs2/Tnfsf4/Tnf/Zp3/Saa2/Saa1/Saa3/Dnase1l3/Il1a/Saa4/Il1b/Il6/Ccl5"
"101","BP","GO:0006953","acute-phase response",16,-0.64874812984513,-1.96541154122285,0.000278789493861521,0.00714363574369918,0.00619467640346809,702,"tags=88%, list=30%, signal=62%","Ptges/Il1rn/Serpina3n/Orm1/Ptgs2/Tnf/Saa2/Saa1/Saa3/Il1a/Saa4/Il1b/Il6/Ccl5"
"102","BP","GO:0007260","tyrosine phosphorylation of STAT protein",17,-0.642230788947554,-1.97643891443546,0.000309928633157512,0.00778733303506447,0.00675286505765779,465,"tags=65%, list=20%, signal=52%","Irf1/Cd40/Socs3/Parp14/Cav1/Hpx/Socs1/Csf2/Il6/Il12b/Ccl5"
"103","BP","GO:0042509","regulation of tyrosine phosphorylation of STAT protein",17,-0.642230788947554,-1.97643891443546,0.000309928633157512,0.00778733303506447,0.00675286505765779,465,"tags=65%, list=20%, signal=52%","Irf1/Cd40/Socs3/Parp14/Cav1/Hpx/Socs1/Csf2/Il6/Il12b/Ccl5"
"104","BP","GO:0050792","regulation of viral process",43,-0.507432093327047,-1.9084667173369,0.000358471715811632,0.00892043077423561,0.00773544228856679,684,"tags=60%, list=29%, signal=44%","Bst2/Trim34a/Oas1a/Oas2/Oas3/Trim5/Oas1g/Oas1b/Ifi204/Sp100/Trim30a/Ifih1/Tnf/Isg20/Stat1/Oasl1/Gm11772/Oasl2/Trim30c/Isg15/Ciita/Ifnb1/Trim30d/Rsad2/Ifi206/Ccl5"
"105","BP","GO:0043065","positive regulation of apoptotic process",90,-0.414044492546816,-1.72606733608116,0.000398553869732467,0.00982340395112022,0.00851846466435708,582,"tags=40%, list=25%, signal=31%","Zc3h12a/Mmp9/Akap12/Fas/Dusp1/C3/Rassf6/Myc/Cd40/Ptgs2/Prr7/Tnf/Il19/Bmp2/Cd274/Cav1/Eef1a2/Aldh1a1/Il10/S100a8/Nox1/Ccl12/Ifit2/Tnfsf10/Il1b/Socs1/Klrk1/Ifnb1/Adora2a/Il6/Ubd/Il12b/Zbp1/Ccl5/Lcn2/Nos2"
"106","BP","GO:0001816","cytokine production",191,-0.355084484075775,-1.57532222175474,0.000403287909862777,0.00984631236532893,0.00853832992877299,779,"tags=45%, list=33%, signal=33%","Tnfrsf1b/Tnfrsf8/Clec4e/Casp4/Cd244a/Ccl4/Cx3cl1/Rigi/Pnp/Lgals9/Aif1/Mmp12/Tnfrsf14/Il12rb1/Bst2/Clec4a2/Irak3/Batf/Lta/Oas1a/Oas2/Oas3/Zc3h12a/Akap12/Oas1g/Slamf6/Ifi204/Cd6/Trim30a/Chil1/C3/H2-Q9/Clec4a1/Nod1/Dhx58/Irf1/Cd40/Ifih1/Ptgs2/Arg1/Tnfsf4/Tnf/Il19/Il17rb/Slamf1/Stat1/Cd274/Flt4/Itgb8/Zp3/Bpi/Tarm1/Camp/Il10/Sh2d1b1/Saa2/Il27/Rasgrp1/Mefv/Acp5/Il1a/Sucnr1/Irf7/Il1b/Socs1/Il36g/Klrk1/Isg15/Ifi211/Il7/Acod1/Pglyrp3/Ifnb1/Il36a/Csf2/Rsad2/Ifi205/Ifi206/Il6/Gpr18/Il12b/Il23r/Ccl5/Gbp4/Nos2/Gbp5"
"107","BP","GO:0045071","negative regulation of viral genome replication",24,-0.580081937205125,-1.93758301891074,0.000462796038906474,0.0111936088662613,0.00970665179487066,684,"tags=71%, list=29%, signal=51%","Bst2/Oas1a/Oas2/Oas3/Oas1g/Oas1b/Ifi204/Ifih1/Tnf/Isg20/Oasl1/Oasl2/Isg15/Ifnb1/Rsad2/Ifi206/Ccl5"
"108","BP","GO:0002708","positive regulation of lymphocyte mediated immunity",45,-0.491759591004631,-1.86214834178588,0.000468645019281353,0.0112301232398161,0.00973831560533961,778,"tags=67%, list=33%, signal=45%","Gm8909/Gm7030/Pnp/H2-Q10/Lta/Fcgr1/H2-T22/H2-Q4/H2-T10/H2-T23/Slamf6/H2-T24/C3/H2-Q9/Cd40/Tnfsf4/Tnf/Klri1/Slamf1/Zp3/H2-M2/Sh2d1b1/Hpx/Rasgrp1/Il1b/H2-Q6/Klrk1/Rsad2/Il6/Il12b"
"109","MF","GO:0042379","chemokine receptor binding",22,-0.601876464831842,-1.97853833311049,0.000473554363286887,0.0112436577264813,0.0097500521731303,196,"tags=41%, list=8%, signal=38%","Ccl12/Cxcl3/Cxcl11/Cxcl2/Ccl22/Cxcl10/Ccl5/Ccl8/Cxcl9"
"110","BP","GO:0080134","regulation of response to stress",225,-0.352390940968389,-1.57647120666849,0.000490003351736254,0.0115284424935766,0.00999700618087744,779,"tags=45%, list=33%, signal=33%","Tnfrsf1b/Trim12a/Casp4/Nr1h3/Mgll/Muc1/Glrx/Cx3cl1/Ifi203/Ifi208/Rigi/Pnp/Treml4/Lgals9/Mmp12/Ptges/Il12rb1/Stat2/Npy/Nlrc5/Sod2/Irak3/Slc7a2/Lta/Oas1a/Fcgr1/Oas3/Zc3h12a/Spink5/Trim5/Ddr2/Fas/Oas1g/Gja1/Slamf6/Ifi204/Dusp1/Trim30a/Serpinb9b/C3/Myc/Nod1/Dhx58/Irf1/Tap1/Ptgs2/Arg1/Tnfsf4/Tnf/Socs3/Parp14/Il17rb/Siglece/Klri1/Bmp2/Slamf1/Stat1/Bst1/Nfkbiz/Flt4/Cav1/Slamf8/Zp3/Clec12b/Irgm1/Il2ra/Il10/Sh2d1b1/S100a8/Hpx/Il27/Rasgrp1/Mefv/Nox1/Gpr31b/Dnase1l3/Acp5/Il1a/Igtp/Sucnr1/Irf7/Il1b/Traf1/Socs1/Klrk1/Isg15/Ifi211/Ifi209/Acod1/Trim30d/Ifi205/Adora2a/Ifi206/Ifi214/Il6/Il12b/Il23r/Zbp1/Ccl5/Gbp4/Gbp5"
"111","BP","GO:0035743","CD4-positive, alpha-beta T cell cytokine production",10,-0.728924403886787,-1.92226764660754,0.000502634816605276,0.0116456306830256,0.0100986271114498,429,"tags=70%, list=18%, signal=57%","Arg1/Slamf1/Il1b/Ifnb1/Rsad2/Il6/Il12b"
"112","BP","GO:0046427","positive regulation of receptor signaling pathway via JAK-STAT",11,-0.703155973119889,-1.91960347697499,0.000503984017194307,0.0116456306830256,0.0100986271114498,359,"tags=64%, list=15%, signal=54%","Ghr/Il10/Socs1/Prl2c2/Il6/Il12b/Il23r"
"113","BP","GO:0030595","leukocyte chemotaxis",64,-0.447725507757436,-1.80044486800285,0.000530734504043506,0.012155229172253,0.0105405306252516,363,"tags=31%, list=15%, signal=27%","Slamf1/Bst1/Ccr3/Cxcl13/Slamf8/S100a8/Saa2/Ccl12/Sell/Il1b/Cxcl3/Edn1/Cxcl11/Cxcl2/Ccl22/Cxcl10/Gpr18/Ccl5/Ccl8/Cxcl9"
"114","BP","GO:0045069","regulation of viral genome replication",27,-0.55760444318114,-1.91179372346966,0.00057993919144255,0.0129386433401148,0.0112198761901589,684,"tags=67%, list=29%, signal=48%","Bst2/Oas1a/Oas2/Oas3/Oas1g/Oas1b/Ifi204/Ifih1/Tnf/Isg20/Oasl1/Gm11772/Oasl2/Isg15/Ifnb1/Rsad2/Ifi206/Ccl5"
"115","BP","GO:0046651","lymphocyte proliferation",69,-0.435473521245634,-1.76952780711316,0.000573004227183574,0.0129386433401148,0.0112198761901589,779,"tags=57%, list=33%, signal=39%","Tnfrsf1b/H2-Aa/Cd244a/Lst1/Pnp/Lgals9/Aif1/Tnfrsf14/Il12rb1/Cd38/Tnfrsf9/Gja1/Slamf6/Cd6/Myc/Irf1/Cd40/Arg1/Tnfsf4/Slamf1/Cd274/Bst1/Zp3/Tarm1/Il2ra/Il10/Il27/Rasgrp1/Il1a/Il1b/Il7/Slfn1/Vcam1/Cfb/Ifnb1/Il6/Il12b/Il23r/Ccl5"
"116","BP","GO:0043068","positive regulation of programmed cell death",91,-0.410248157548059,-1.71391739320378,0.00057820789790129,0.0129386433401148,0.0112198761901589,582,"tags=40%, list=25%, signal=31%","Zc3h12a/Mmp9/Akap12/Fas/Dusp1/C3/Rassf6/Myc/Cd40/Ptgs2/Prr7/Tnf/Il19/Bmp2/Cd274/Cav1/Eef1a2/Aldh1a1/Il10/S100a8/Nox1/Ccl12/Ifit2/Tnfsf10/Il1b/Socs1/Klrk1/Ifnb1/Adora2a/Il6/Ubd/Il12b/Zbp1/Ccl5/Lcn2/Nos2"
"117","BP","GO:0002705","positive regulation of leukocyte mediated immunity",51,-0.46894989080613,-1.82088567634022,0.00078158364880727,0.0172883631035317,0.0149917799303383,778,"tags=63%, list=33%, signal=43%","Gm8909/Gm7030/Rigi/Pnp/H2-Q10/Lta/Fcgr1/H2-T22/H2-Q4/H2-T10/H2-T23/Slamf6/H2-T24/C3/H2-Q9/Cd40/Arg1/Tnfsf4/Tnf/Klri1/Slamf1/Zp3/H2-M2/Sh2d1b1/Hpx/Rasgrp1/Il1b/H2-Q6/Klrk1/Rsad2/Il6/Il12b"
"118","BP","GO:0070661","leukocyte proliferation",79,-0.416738565799617,-1.71167708413871,0.000806748250817521,0.0176937667213199,0.0153433298014537,779,"tags=53%, list=33%, signal=37%","Tnfrsf1b/H2-Aa/Cd244a/Lst1/Cx3cl1/Pnp/Lgals9/Aif1/Tnfrsf14/Il12rb1/Cd38/Tnfrsf9/Gja1/Slamf6/Cd6/Myc/Irf1/Cd40/Arg1/Tnfsf4/Slamf1/Cd274/Bst1/Zp3/Tarm1/Il2ra/Il10/Il27/Rasgrp1/Ccl12/Il1a/Il1b/Il7/Slfn1/Vcam1/Cfb/Ifnb1/Csf2/Il6/Il12b/Il23r/Ccl5"
"119","BP","GO:0033135","regulation of peptidyl-serine phosphorylation",16,-0.625211122044099,-1.89410512098077,0.000848496103472771,0.0184530076956935,0.0160017133357271,433,"tags=56%, list=18%, signal=46%","Hrc/Ptgs2/Tnf/Cav1/Irgm1/Igtp/Ifnb1/Il6/Csf3"
"120","BP","GO:0050670","regulation of lymphocyte proliferation",55,-0.456315021147084,-1.79522556928793,0.000925342303728103,0.0199565490170694,0.0173055244872659,779,"tags=60%, list=33%, signal=41%","Tnfrsf1b/H2-Aa/Cd244a/Lst1/Pnp/Lgals9/Aif1/Tnfrsf14/Il12rb1/Cd38/Tnfrsf9/Cd6/Irf1/Cd40/Arg1/Tnfsf4/Slamf1/Cd274/Bst1/Zp3/Tarm1/Il2ra/Il10/Il27/Il1a/Il1b/Il7/Slfn1/Vcam1/Il6/Il12b/Il23r/Ccl5"
"121","BP","GO:0018193","peptidyl-amino acid modification",106,-0.396652295207528,-1.68104438545958,0.000990784885768405,0.0211913329286664,0.0183762799169921,469,"tags=33%, list=20%, signal=28%","Art3/Irf1/Cd40/Ifih1/Ttll2/Hrc/Ptgs2/Tnf/Socs3/Parp14/Ghr/Bst1/Flt4/Cav1/Dcn/Pax5/Irgm1/Sh2d1b1/S100a8/Hpx/Art2a/Igtp/Gdnf/Socs1/P3h2/Il7/Ifnb1/Csf2/Art2b/Gfi1b/Il6/Il12b/Csf3/Ccl5/Nos2"
"122","BP","GO:1904894","positive regulation of receptor signaling pathway via STAT",12,-0.683505834167432,-1.90259782077881,0.00106303912865026,0.0225503710241547,0.0195547836262498,359,"tags=58%, list=15%, signal=50%","Ghr/Il10/Socs1/Prl2c2/Il6/Il12b/Il23r"
"123","BP","GO:0010628","positive regulation of gene expression",195,-0.343382076121335,-1.52617783422608,0.00113210881573487,0.0238203058139986,0.0206560204976186,774,"tags=43%, list=33%, signal=31%","Tnfrsf8/Clec4e/Casp4/Cd244a/Tent5a/Id3/Ccl4/Jag1/Cx3cl1/Rigi/Pou3f1/Pnp/Lgals9/Aif1/Mmp12/Tnfrsf14/Il12rb1/Lif/Irak3/Batf/Lta/Oas1a/Oas2/Oas3/Zc3h12a/Akap12/Oas1g/Elavl4/Gja1/Slamf6/Ifi204/Cd6/Chil1/C3/H2-Q9/Myc/Nod1/Dhx58/Irf1/Cd40/Ifih1/Ptgs2/Tnfsf4/Tnf/Il17rb/Bmp2/Slamf1/Astl/Stat1/Cd274/Flt4/Cav1/Itgb8/Zp3/Tarm1/Camp/Il10/Hpx/Saa2/Il27/Rasgrp1/Mefv/Il1a/Gdnf/Irf7/Il1b/Il36g/Klrk1/Isg15/Ifi211/Il7/Slc6a4/Il36a/Csf2/Rsad2/Ifi205/Ifi206/Il6/Il12b/Il23r/Ccl5/Lcn2/Nos2/Gbp5"
"124","BP","GO:0002449","lymphocyte mediated immunity",97,-0.396228536605563,-1.66479907901239,0.00115978570346926,0.0242058500046649,0.0209903490644861,1061,"tags=70%, list=45%, signal=40%","Prdx1/C1ra/Il20rb/H2-K1/H2-D1/C1rl/Tap2/Nod2/Stx11/B2m/Bcl3/H2-Q1/Pou2f2/Gm11127/C1rb/Pirb/Trpm4/Ctsc/Serpinb9/Icam1/Tnfrsf1b/Gm8909/H2-Aa/Gm7030/Jag1/Pnp/Treml4/Lgals9/H2-Q10/Batf/Lta/Fcgr1/H2-T22/H2-Q4/H2-T10/Fas/H2-T23/Slamf6/H2-T24/Serpinb9b/C3/H2-Q9/Tap1/Cd40/Trdc/Arg1/H2-Eb1/Tnfsf4/C1s1/Tnf/Klri1/Slamf1/Zp3/Clec12b/H2-M2/Sh2d1b1/Hpx/Rasgrp1/Iglc2/Irf7/Il1b/H2-Q6/C2/Klrk1/Ifnb1/Rsad2/Il6/Il12b"
"125","BP","GO:0097529","myeloid leukocyte migration",62,-0.446896394873152,-1.78951976394064,0.00122275697542212,0.0253159604191395,0.021952992602947,363,"tags=32%, list=15%, signal=28%","Slamf1/Bst1/Ccr3/Cxcl13/Slamf8/S100a8/Saa2/Ccl12/Il1a/Sell/Il1b/Cxcl3/Edn1/Cxcl11/Cxcl2/Ccl22/Cxcl10/Ccl5/Ccl8/Cxcl9"
"126","BP","GO:0001773","myeloid dendritic cell activation",13,-0.654231527748228,-1.86584759463139,0.00135293040310407,0.0277887609780423,0.0240973067620541,403,"tags=62%, list=17%, signal=51%","Pilrb1/Slamf1/Itgb8/Il10/Klrk1/Csf2/Batf2/Ubd"
"127","BP","GO:0032943","mononuclear cell proliferation",71,-0.424149860231242,-1.72869897087237,0.0013936882940565,0.0284005142127419,0.0246277948025567,779,"tags=55%, list=33%, signal=38%","Tnfrsf1b/H2-Aa/Cd244a/Lst1/Pnp/Lgals9/Aif1/Tnfrsf14/Il12rb1/Cd38/Tnfrsf9/Gja1/Slamf6/Cd6/Myc/Irf1/Cd40/Arg1/Tnfsf4/Slamf1/Cd274/Bst1/Zp3/Tarm1/Il2ra/Il10/Il27/Rasgrp1/Il1a/Il1b/Il7/Slfn1/Vcam1/Cfb/Ifnb1/Il6/Il12b/Il23r/Ccl5"
"128","BP","GO:0010942","positive regulation of cell death",103,-0.389864662355877,-1.64625598948201,0.0014707979067469,0.0297376951770389,0.0257873448781612,582,"tags=38%, list=25%, signal=30%","Zc3h12a/Mmp9/Akap12/Ddr2/Fas/Dusp1/C3/Rassf6/Myc/Nod1/Irf1/Cd40/Ptgs2/Prr7/Tnf/Il19/Bmp2/Cd274/Cav1/Eef1a2/Aldh1a1/Il10/S100a8/Nox1/Ccl12/Ifit2/Tnfsf10/Il1b/Socs1/Klrk1/Ifnb1/Adora2a/Il6/Ubd/Il12b/Zbp1/Ccl5/Lcn2/Nos2"
"129","BP","GO:0038034","signal transduction in absence of ligand",14,-0.647168079350537,-1.89586597998204,0.00154468209209231,0.0305163149185869,0.0264625329075195,551,"tags=71%, list=23%, signal=55%","Fas/Bcl2a1d/Tnf/Bcl2a1a/Il1a/Gdnf/Il1b/Il7/Csf2/Lcn2"
"130","BP","GO:0097192","extrinsic apoptotic signaling pathway in absence of ligand",14,-0.647168079350537,-1.89586597998204,0.00154468209209231,0.0305163149185869,0.0264625329075195,551,"tags=71%, list=23%, signal=55%","Fas/Bcl2a1d/Tnf/Bcl2a1a/Il1a/Gdnf/Il1b/Il7/Csf2/Lcn2"
"131","BP","GO:0002703","regulation of leukocyte mediated immunity",73,-0.428716358016625,-1.75041086659089,0.0015433439595021,0.0305163149185869,0.0264625329075195,1022,"tags=73%, list=44%, signal=42%","H2-K1/H2-D1/Adora2b/Tap2/Nod2/Ccl2/B2m/Tlr3/H2-Q1/Gm11127/Trpm4/Hmox1/Serpinb9/Tnfrsf1b/Gm8909/Gm7030/Rigi/Pnp/Lgals9/Bst2/H2-Q10/Lta/Fcgr1/H2-T22/H2-Q4/H2-T10/H2-T23/Slamf6/H2-T24/Serpinb9b/C3/H2-Q9/Tap1/Cd40/Arg1/Tnfsf4/Tnf/Klri1/Slamf1/Zp3/Clec12b/H2-M2/Sh2d1b1/Hpx/Rasgrp1/Dnase1l3/Il1b/H2-Q6/Klrk1/Ifnb1/Rsad2/Il6/Il12b"
"132","BP","GO:0042102","positive regulation of T cell proliferation",28,-0.524580788559675,-1.80781626278376,0.00163183836509924,0.0319939218854306,0.0277438548197096,412,"tags=43%, list=18%, signal=36%","Tnfsf4/Slamf1/Cd274/Zp3/Il2ra/Il1a/Il1b/Vcam1/Il6/Il12b/Il23r/Ccl5"
"133","MF","GO:0030547","signaling receptor inhibitor activity",13,-0.647382436607885,-1.84631420364119,0.00166599874956997,0.0321761549543812,0.0279018800792079,279,"tags=54%, list=12%, signal=48%","Clec12b/Ly6i/Ly6c2/Ly6c1/Ly6a/Adh7/Ccl5"
"134","BP","GO:0050708","regulation of protein secretion",38,-0.488978433124418,-1.79259597789876,0.00165819652533271,0.0321761549543812,0.0279018800792079,181,"tags=26%, list=8%, signal=25%","Il1a/Il1b/Mmp13/Fbn1/Rsad2/Adora2a/Il6/Il12b/Ccl5/Nos2"
"135","BP","GO:0034612","response to tumor necrosis factor",42,-0.481230346511561,-1.79987542138254,0.00171341728154285,0.0328468438861695,0.0284834748089618,582,"tags=48%, list=25%, signal=36%","Zc3h12a/Ccl7/Adamts7/Ccl17/Irf1/Cd40/Tnf/Stat1/Mir221/Ccl12/Traf1/Acod1/Gbp3/Ccl22/Wfdc21/Il6/Ubd/Ccl5/Ccl8/Nos2"
"136","BP","GO:0002819","regulation of adaptive immune response",68,-0.41093630043006,-1.66601258790821,0.00182580238738248,0.0347439454304843,0.0301285657112961,779,"tags=54%, list=33%, signal=37%","Tnfrsf1b/Gm8909/Gm7030/Pnp/Tnfrsf14/Il12rb1/H2-Q10/Lta/Fcgr1/Zc3h12a/H2-T22/H2-Q4/H2-T10/H2-T23/H2-T24/C3/H2-Q9/Irf1/Cd40/Arg1/Tnfsf4/Tnf/Slamf1/Cd274/Nfkbiz/Zp3/H2-M2/Hpx/Il27/Irf7/Il1b/H2-Q6/Ifnb1/Rsad2/Il6/Il12b/Il23r"
"137","BP","GO:0070663","regulation of leukocyte proliferation",63,-0.432584505799925,-1.73665759381961,0.00188238434121146,0.0355592020077027,0.0308355237453925,779,"tags=56%, list=33%, signal=38%","Tnfrsf1b/H2-Aa/Cd244a/Lst1/Pnp/Lgals9/Aif1/Tnfrsf14/Il12rb1/Cd38/Tnfrsf9/Cd6/Irf1/Cd40/Arg1/Tnfsf4/Slamf1/Cd274/Bst1/Zp3/Tarm1/Il2ra/Il10/Il27/Ccl12/Il1a/Il1b/Il7/Slfn1/Vcam1/Csf2/Il6/Il12b/Il23r/Ccl5"
"138","BP","GO:0031348","negative regulation of defense response",57,-0.442937866493601,-1.75263794039249,0.00196834830036028,0.036829763142517,0.0319373037581739,779,"tags=60%, list=33%, signal=41%","Tnfrsf1b/Nr1h3/Cx3cl1/Lgals9/Mmp12/Stat2/Npy/Nlrc5/Irak3/Oas1a/Oas3/Spink5/Oas1g/Ifi204/Serpinb9b/Dhx58/Tap1/Arg1/Socs3/Parp14/Siglece/Slamf8/Clec12b/Il2ra/Il10/Sh2d1b1/Mefv/Gpr31b/Acp5/Isg15/Acod1/Adora2a/Ifi206/Il12b"
"139","BP","GO:0032944","regulation of mononuclear cell proliferation",57,-0.442136380986396,-1.74946658383243,0.00200656746641998,0.036829763142517,0.0319373037581739,779,"tags=58%, list=33%, signal=40%","Tnfrsf1b/H2-Aa/Cd244a/Lst1/Pnp/Lgals9/Aif1/Tnfrsf14/Il12rb1/Cd38/Tnfrsf9/Cd6/Irf1/Cd40/Arg1/Tnfsf4/Slamf1/Cd274/Bst1/Zp3/Tarm1/Il2ra/Il10/Il27/Il1a/Il1b/Il7/Slfn1/Vcam1/Il6/Il12b/Il23r/Ccl5"
"140","BP","GO:0002821","positive regulation of adaptive immune response",50,-0.446011424126434,-1.72445253132234,0.00200139507140516,0.036829763142517,0.0319373037581739,1022,"tags=74%, list=44%, signal=43%","H2-K1/H2-D1/Tap2/Nod2/B2m/H2-Q1/Gm11127/Jak2/Gm8909/Gm7030/Pnp/Il12rb1/H2-Q10/Lta/Fcgr1/H2-T22/H2-Q4/H2-T10/H2-T23/H2-T24/C3/H2-Q9/Cd40/Tnfsf4/Tnf/Slamf1/Cd274/Nfkbiz/Zp3/H2-M2/Hpx/Il1b/H2-Q6/Rsad2/Il6/Il12b/Il23r"
"141","BP","GO:0002824","positive regulation of adaptive immune response based on somatic recombination of immune receptors built from immunoglobulin superfamily domains",50,-0.446011424126434,-1.72445253132234,0.00200139507140516,0.036829763142517,0.0319373037581739,1022,"tags=74%, list=44%, signal=43%","H2-K1/H2-D1/Tap2/Nod2/B2m/H2-Q1/Gm11127/Jak2/Gm8909/Gm7030/Pnp/Il12rb1/H2-Q10/Lta/Fcgr1/H2-T22/H2-Q4/H2-T10/H2-T23/H2-T24/C3/H2-Q9/Cd40/Tnfsf4/Tnf/Slamf1/Cd274/Nfkbiz/Zp3/H2-M2/Hpx/Il1b/H2-Q6/Rsad2/Il6/Il12b/Il23r"
"142","BP","GO:0050777","negative regulation of immune response",55,-0.444492004909007,-1.74871169165281,0.0020894748256697,0.0380814144284027,0.0330226859030971,708,"tags=56%, list=30%, signal=40%","Lgals9/Mmp12/Tnfrsf14/Stat2/Npy/Nlrc5/Irak3/Oas1a/Oas3/Zc3h12a/Spink5/Oas1g/Ifi204/Serpinb9b/Dhx58/Irf1/Tap1/Arg1/Tnfsf4/Parp14/Slamf1/Slamf8/Clec12b/Il10/Sh2d1b1/Isg15/Acod1/Pglyrp3/Ifnb1/Ifi206/Il12b"
"143","BP","GO:0002699","positive regulation of immune effector process",80,-0.407321511922382,-1.67563670710115,0.0022017993049389,0.0398479482600131,0.0345545536851655,778,"tags=69%, list=33%, signal=48%","H2-K1/H2-D1/Adora2b/Tap2/Nod2/Ccl2/Masp1/B2m/Tlr3/H2-Q1/Gm11127/Hmox1/Gm8909/Casp4/Gm7030/Cd244a/Rigi/Pnp/Tnfrsf14/H2-Q10/Lta/Fcgr1/H2-T22/H2-Q4/H2-T10/H2-T23/Slamf6/H2-T24/C3/H2-Q9/Nod1/Dhx58/Irf1/Cd40/Arg1/Tnfsf4/Tnf/Klri1/Slamf1/Nfkbiz/Zp3/H2-M2/Il10/Sh2d1b1/Hpx/Ddx60/Rasgrp1/Il1b/H2-Q6/C2/Klrk1/Cfb/Rsad2/Il6/Il12b"
"144","CC","GO:0043230","extracellular organelle",22,-0.562738870365457,-1.84988198011767,0.00234848660445864,0.0407911633042883,0.0353724722056222,152,"tags=41%, list=6%, signal=39%","Ppfia3/Cd274/Gbp9/Gbp2b/Gbp7/Gbp3/Gbp6/Gbp2/Iigp1"
"145","CC","GO:0065010","extracellular membrane-bounded organelle",22,-0.562738870365457,-1.84988198011767,0.00234848660445864,0.0407911633042883,0.0353724722056222,152,"tags=41%, list=6%, signal=39%","Ppfia3/Cd274/Gbp9/Gbp2b/Gbp7/Gbp3/Gbp6/Gbp2/Iigp1"
"146","BP","GO:0045661","regulation of myoblast differentiation",15,-0.61368582970975,-1.83079180403574,0.00232013848735538,0.0407911633042883,0.0353724722056222,124,"tags=33%, list=5%, signal=32%","Il36g/Prl2c2/Cxcl10/Ccl8/Cxcl9"
"147","BP","GO:0009306","protein secretion",46,-0.452743188179089,-1.72770013513293,0.00231228228261986,0.0407911633042883,0.0353724722056222,181,"tags=26%, list=8%, signal=25%","Cacna1c/Il1a/Sucnr1/Il1b/Mmp13/Fbn1/Rsad2/Adora2a/Il6/Il12b/Ccl5/Nos2"
"148","BP","GO:0035592","establishment of protein localization to extracellular region",46,-0.452743188179089,-1.72770013513293,0.00231228228261986,0.0407911633042883,0.0353724722056222,181,"tags=26%, list=8%, signal=25%","Cacna1c/Il1a/Sucnr1/Il1b/Mmp13/Fbn1/Rsad2/Adora2a/Il6/Il12b/Ccl5/Nos2"
"149","BP","GO:0071692","protein localization to extracellular region",46,-0.452743188179089,-1.72770013513293,0.00231228228261986,0.0407911633042883,0.0353724722056222,181,"tags=26%, list=8%, signal=25%","Cacna1c/Il1a/Sucnr1/Il1b/Mmp13/Fbn1/Rsad2/Adora2a/Il6/Il12b/Ccl5/Nos2"
"150","BP","GO:0033138","positive regulation of peptidyl-serine phosphorylation",14,-0.634265089841201,-1.85806692957869,0.00248811125395083,0.0429282128348317,0.0372256364450749,430,"tags=57%, list=18%, signal=47%","Ptgs2/Tnf/Cav1/Irgm1/Igtp/Ifnb1/Il6/Csf3"
"151","CC","GO:0009986","cell surface",213,-0.327841864474163,-1.46234557588291,0.00253691609116543,0.0434803896949412,0.0377044622263136,778,"tags=46%, list=33%, signal=34%","Gm8909/Itgb7/H2-Aa/Clec4e/Gm7030/Cd244a/Selp/Ackr4/Msr1/Trpc4/Muc1/Xcr1/Fcrl6/Cx3cl1/Treml4/Itga5/Tnfrsf14/Il12rb1/Bst2/Cxcr1/H2-Q10/Clec4a2/Ccrl2/Fcgr4/Cd38/Clec12a/Fcgr1/Tnfrsf9/Rtn2/Slc1a3/Sdc3/H2-T22/Gpc1/H2-Q4/Adgre1/H2-T10/Fas/Adamts7/Adgre4/H2-T23/Ccr9/Adam21/Slamf6/Cd6/H2-T24/A530064D06Rik/C3/H2-Q9/Clec4a1/Cd40/Trdc/Slc1a2/H2-Eb1/Cd209f/Tnfsf4/Tnf/Il17rb/Tnn/Siglece/Klri1/Bmp2/Slamf1/Ghr/Strc/Cd274/Ccr3/Cav1/Bcam/Itgb8/Gucy2g/Clec12b/H2-M2/Il2ra/Cacna1c/Tspan33/Mmp25/Slamf7/Fcrl5/Il1a/Ly75/Sell/Sucnr1/Iglc2/H2-Q6/Klrk1/Cd69/Ly6c2/Ly6c1/Adgrg6/Ly6a/Vcam1/Ciita/Art2b/Cxcl10/Il6/Il12b/Il23r/Cxcl9"
"152","BP","GO:0002218","activation of innate immune response",23,-0.555601393696194,-1.83438459396755,0.00276724368934119,0.0468080174380065,0.040590048473859,119,"tags=35%, list=5%, signal=33%","Klrk1/Ifi211/Ifi209/Trim30d/Ifi205/Ifi206/Ifi214/Zbp1"
"153","BP","GO:0050688","regulation of defense response to virus",18,-0.586180778251838,-1.83265491427642,0.00276478902531187,0.0468080174380065,0.040590048473859,716,"tags=72%, list=31%, signal=51%","Rigi/Treml4/Mmp12/Il12rb1/Zc3h12a/Dhx58/Stat1/Il27/Il1b/Il12b/Il23r/Ccl5/Gbp4"
"154","BP","GO:0007159","leukocyte cell-cell adhesion",87,-0.39602899979298,-1.64529534517024,0.00283012004105724,0.0475607186120528,0.0412427609537528,429,"tags=32%, list=18%, signal=27%","Arg1/H2-Eb1/Gm5150/Tnfsf4/Tnf/Slamf1/Cd274/Nfkbiz/Cav1/Zp3/Tarm1/Il2ra/S100a8/Olr1/Rasgrp1/Il1a/Sell/Il1b/Socs1/Il7/Slfn1/Vcam1/Ifnb1/Adora2a/Il6/Il12b/Il23r/Ccl5"
